server_timestamp,esp32_timestamp,deviceId,sensor1,sensor2,sensor3
2025-09-06T06:31:42.513Z,2025-09-06T06:31:42.138Z,8CBFEA879230,11.248308181762695,11.387394905090332,11.324058532714844
2025-09-06T06:31:43.538Z,2025-09-06T06:31:43.138Z,8CBFEA879230,11.243552207946777,11.384697914123535,11.321399688720703
2025-09-06T06:31:44.541Z,2025-09-06T06:31:44.138Z,8CBFEA879230,11.245537757873535,11.387432098388672,11.332441329956055
2025-09-06T06:31:45.542Z,2025-09-06T06:31:45.138Z,8CBFEA879230,11.244172096252441,11.392010688781738,11.330011367797852
2025-09-06T06:31:46.541Z,2025-09-06T06:31:46.138Z,8CBFEA879230,11.240508079528809,11.407102584838867,11.326236724853516
2025-09-06T06:31:47.540Z,2025-09-06T06:31:47.138Z,8CBFEA879230,11.239888191223145,11.391372680664062,11.322574615478516
2025-09-06T06:31:48.540Z,2025-09-06T06:31:48.138Z,8CBFEA879230,11.238208770751953,11.388283729553223,11.322251319885254
2025-09-06T06:31:49.545Z,2025-09-06T06:31:49.138Z,8CBFEA879230,11.236968040466309,11.388120651245117,11.323163986206055
2025-09-06T06:31:50.540Z,2025-09-06T06:31:50.138Z,8CBFEA879230,11.23567008972168,11.389885902404785,11.321887016296387
2025-09-06T06:31:51.539Z,2025-09-06T06:31:51.138Z,8CBFEA879230,11.230001449584961,11.38820743560791,11.32343578338623
2025-09-06T06:31:52.538Z,2025-09-06T06:31:52.138Z,8CBFEA879230,11.232542991638184,11.39097785949707,11.326638221740723
2025-09-06T06:31:53.544Z,2025-09-06T06:31:53.138Z,8CBFEA879230,11.228002548217773,11.388648986816406,11.322588920593262
2025-09-06T06:31:54.549Z,2025-09-06T06:31:54.138Z,8CBFEA879230,11.232778549194336,11.400821685791016,11.333749771118164
2025-09-06T06:31:55.541Z,2025-09-06T06:31:55.138Z,8CBFEA879230,11.227232933044434,11.390064239501953,11.316932678222656
2025-09-06T06:31:56.543Z,2025-09-06T06:31:56.138Z,8CBFEA879230,11.222297668457031,11.389184951782227,11.345096588134766
2025-09-06T06:31:57.538Z,2025-09-06T06:31:57.138Z,8CBFEA879230,11.216925621032715,11.391144752502441,11.33314323425293
2025-09-06T06:31:58.549Z,2025-09-06T06:31:58.139Z,8CBFEA879230,11.22938346862793,11.385908126831055,11.322098731994629
2025-09-06T06:31:59.552Z,2025-09-06T06:31:59.138Z,8CBFEA879230,11.22095012664795,11.38936996459961,11.32916259765625
2025-09-06T06:32:00.539Z,2025-09-06T06:32:00.138Z,8CBFEA879230,11.208223342895508,11.392354965209961,11.334854125976562
2025-09-06T06:32:01.541Z,2025-09-06T06:32:01.138Z,8CBFEA879230,11.201053619384766,11.388575553894043,11.34351634979248
2025-09-06T06:32:02.542Z,2025-09-06T06:32:02.138Z,8CBFEA879230,11.202667236328125,11.390510559082031,11.348054885864258
2025-09-06T06:32:03.541Z,2025-09-06T06:32:03.138Z,8CBFEA879230,11.202881813049316,11.389451026916504,11.34655475616455
2025-09-06T06:32:04.547Z,2025-09-06T06:32:04.138Z,8CBFEA879230,11.20065689086914,11.39189338684082,11.35185432434082
2025-09-06T06:32:05.539Z,2025-09-06T06:32:05.138Z,8CBFEA879230,11.204818725585938,11.392008781433105,11.358320236206055
2025-09-06T06:32:06.544Z,2025-09-06T06:32:06.138Z,8CBFEA879230,11.200675964355469,11.39037799835205,11.354790687561035
2025-09-06T06:32:07.545Z,2025-09-06T06:32:07.138Z,8CBFEA879230,11.203697204589844,11.394960403442383,11.361499786376953
2025-09-06T06:32:08.541Z,2025-09-06T06:32:08.138Z,8CBFEA879230,11.206482887268066,11.394994735717773,11.358110427856445
2025-09-06T06:32:09.542Z,2025-09-06T06:32:09.138Z,8CBFEA879230,11.201334953308105,11.397079467773438,11.3612699508667
2025-09-06T06:32:10.552Z,2025-09-06T06:32:10.138Z,8CBFEA879230,11.20517635345459,11.404191970825195,11.36432933807373
2025-09-06T06:32:11.546Z,2025-09-06T06:32:11.138Z,8CBFEA879230,11.2035551071167,11.400713920593262,11.360030174255371
2025-09-06T06:32:12.546Z,2025-09-06T06:32:12.138Z,8CBFEA879230,11.20496654510498,11.407124519348145,11.333860397338867
2025-09-06T06:32:13.542Z,2025-09-06T06:32:13.138Z,8CBFEA879230,11.205609321594238,11.411852836608887,11.358887672424316
2025-09-06T06:32:14.539Z,2025-09-06T06:32:14.138Z,8CBFEA879230,11.200284957885742,11.410837173461914,11.358619689941406
2025-09-06T06:32:15.541Z,2025-09-06T06:32:15.138Z,8CBFEA879230,11.204451560974121,11.41529369354248,11.358063697814941
2025-09-06T06:32:16.541Z,2025-09-06T06:32:16.138Z,8CBFEA879230,11.20199966430664,11.414335250854492,11.356735229492188
2025-09-06T06:32:17.544Z,2025-09-06T06:32:17.138Z,8CBFEA879230,11.202957153320312,11.419266700744629,11.348611831665039
2025-09-06T06:32:18.549Z,2025-09-06T06:32:18.138Z,8CBFEA879230,11.211606979370117,11.397724151611328,11.356901168823242
2025-09-06T06:32:19.542Z,2025-09-06T06:32:19.138Z,8CBFEA879230,11.201310157775879,11.416029930114746,11.353212356567383
2025-09-06T06:32:20.546Z,2025-09-06T06:32:20.138Z,8CBFEA879230,11.20621109008789,11.419060707092285,11.354616165161133
2025-09-06T06:32:21.546Z,2025-09-06T06:32:21.138Z,8CBFEA879230,11.204822540283203,11.405569076538086,11.359062194824219
2025-09-06T06:32:22.556Z,2025-09-06T06:32:22.138Z,8CBFEA879230,11.229483604431152,11.390103340148926,11.328303337097168
2025-09-06T08:18:26.572Z,2025-09-06T08:18:26.057Z,8CBFEA879230,0,0,0
2025-09-06T08:18:27.610Z,2025-09-06T08:18:27.057Z,8CBFEA879230,0,0,0
2025-09-06T08:18:28.609Z,2025-09-06T08:18:28.057Z,8CBFEA879230,0,0,0
2025-09-06T08:18:29.614Z,2025-09-06T08:18:29.057Z,8CBFEA879230,0,0,0
2025-09-06T08:18:30.608Z,2025-09-06T08:18:30.057Z,8CBFEA879230,0,0,0
2025-09-06T08:18:31.606Z,2025-09-06T08:18:31.057Z,8CBFEA879230,0,0,0
2025-09-06T08:18:32.609Z,2025-09-06T08:18:32.057Z,8CBFEA879230,0,0,0
2025-09-06T08:18:33.607Z,2025-09-06T08:18:33.057Z,8CBFEA879230,0,0,0
2025-09-06T08:18:34.607Z,2025-09-06T08:18:34.057Z,8CBFEA879230,0,0,0
2025-09-06T08:18:35.614Z,2025-09-06T08:18:35.057Z,8CBFEA879230,0,2.033437728881836,0
2025-09-06T08:18:36.614Z,2025-09-06T08:18:36.057Z,8CBFEA879230,0,2.042426824569702,0
2025-09-06T08:18:37.606Z,2025-09-06T08:18:37.057Z,8CBFEA879230,0,2.0426840782165527,0
2025-09-06T08:18:38.608Z,2025-09-06T08:18:38.057Z,8CBFEA879230,0,2.0298917293548584,0
2025-09-06T08:18:39.606Z,2025-09-06T08:18:39.057Z,8CBFEA879230,0,2.019958257675171,0
2025-09-06T08:18:40.606Z,2025-09-06T08:18:40.057Z,8CBFEA879230,0,1.9975448846817017,0
2025-09-06T08:18:41.609Z,2025-09-06T08:18:41.057Z,8CBFEA879230,0,2.0075130462646484,0
2025-09-06T08:18:42.608Z,2025-09-06T08:18:42.057Z,8CBFEA879230,0,1.9568750858306885,0
2025-09-06T08:18:43.606Z,2025-09-06T08:18:43.057Z,8CBFEA879230,0,1.9511840343475342,0
2025-09-06T08:18:44.607Z,2025-09-06T08:18:44.057Z,8CBFEA879230,0,1.938960313796997,0
2025-09-06T08:18:45.607Z,2025-09-06T08:18:45.057Z,8CBFEA879230,0,1.9299501180648804,0
2025-09-06T08:18:46.611Z,2025-09-06T08:18:46.057Z,8CBFEA879230,0,1.9609320163726807,0
2025-09-06T08:18:47.610Z,2025-09-06T08:18:47.057Z,8CBFEA879230,0,1.9495929479599,0
2025-09-06T08:18:48.607Z,2025-09-06T08:18:48.057Z,8CBFEA879230,0,1.9337362051010132,0
2025-09-06T08:18:49.607Z,2025-09-06T08:18:49.057Z,8CBFEA879230,0,1.9423036575317383,0
2025-09-06T08:18:50.606Z,2025-09-06T08:18:50.057Z,8CBFEA879230,0,1.9566822052001953,0
2025-09-06T08:18:51.608Z,2025-09-06T08:18:51.057Z,8CBFEA879230,0,1.9648154973983765,0
2025-09-06T08:18:52.612Z,2025-09-06T08:18:52.057Z,8CBFEA879230,0,1.9452147483825684,0
2025-09-06T08:18:54.813Z,2025-09-06T08:18:53.057Z,8CBFEA879230,0,1.975635051727295,0
2025-09-06T08:18:55.212Z,2025-09-06T08:18:54.660Z,8CBFEA879230,0,1.9149376153945923,0
2025-09-06T08:18:55.613Z,2025-09-06T08:18:55.058Z,8CBFEA879230,0,1.927470326423645,0
2025-09-06T08:18:56.606Z,2025-09-06T08:18:56.057Z,8CBFEA879230,0,1.9783262014389038,0
2025-09-06T08:18:57.607Z,2025-09-06T08:18:57.057Z,8CBFEA879230,0,1.9803823232650757,0
2025-09-06T08:18:58.610Z,2025-09-06T08:18:58.057Z,8CBFEA879230,0,1.9713099002838135,0
2025-09-06T08:18:59.611Z,2025-09-06T08:18:59.057Z,8CBFEA879230,0,1.9629110097885132,0
2025-09-06T08:19:00.608Z,2025-09-06T08:19:00.057Z,8CBFEA879230,0,0,0
2025-09-06T08:19:01.612Z,2025-09-06T08:19:01.057Z,8CBFEA879230,0,0,0
2025-09-06T08:19:02.608Z,2025-09-06T08:19:02.057Z,8CBFEA879230,0,0,0
2025-09-06T08:19:03.611Z,2025-09-06T08:19:03.057Z,8CBFEA879230,0,0,0
2025-09-06T08:19:04.610Z,2025-09-06T08:19:04.057Z,8CBFEA879230,0,0,0
2025-09-06T08:19:05.611Z,2025-09-06T08:19:05.057Z,8CBFEA879230,0,0,0
2025-09-06T08:19:06.606Z,2025-09-06T08:19:06.057Z,8CBFEA879230,0,0,0
2025-09-06T08:19:07.606Z,2025-09-06T08:19:07.057Z,8CBFEA879230,0,0,1.907714605331421
2025-09-06T08:19:08.607Z,2025-09-06T08:19:08.057Z,8CBFEA879230,0,0,1.9030135869979858
2025-09-06T08:19:09.605Z,2025-09-06T08:19:09.057Z,8CBFEA879230,0,0,1.899711012840271
2025-09-06T08:19:10.608Z,2025-09-06T08:19:10.057Z,8CBFEA879230,0,0,1.8947224617004395
2025-09-06T08:19:11.611Z,2025-09-06T08:19:11.057Z,8CBFEA879230,0,0,1.897189974784851
2025-09-06T08:19:12.609Z,2025-09-06T08:19:12.057Z,8CBFEA879230,0,0,1.8821113109588623
2025-09-06T08:19:13.610Z,2025-09-06T08:19:13.057Z,8CBFEA879230,0,0,1.8739712238311768
2025-09-06T08:19:14.607Z,2025-09-06T08:19:14.057Z,8CBFEA879230,0,0,1.888304591178894
2025-09-06T08:19:15.605Z,2025-09-06T08:19:15.057Z,8CBFEA879230,0,0,1.8855022192001343
2025-09-06T08:19:16.612Z,2025-09-06T08:19:16.057Z,8CBFEA879230,0,0,1.887692928314209
2025-09-06T08:19:17.605Z,2025-09-06T08:19:17.057Z,8CBFEA879230,0,0,1.8632116317749023
2025-09-06T08:19:18.612Z,2025-09-06T08:19:18.057Z,8CBFEA879230,0,0,1.87541127204895
2025-09-06T08:19:19.604Z,2025-09-06T08:19:19.057Z,8CBFEA879230,0,0,1.8482838869094849
2025-09-06T08:19:20.606Z,2025-09-06T08:19:20.057Z,8CBFEA879230,0,0,1.7333335876464844
2025-09-06T08:19:21.617Z,2025-09-06T08:19:21.057Z,8CBFEA879230,0,0,0
2025-09-06T08:19:22.607Z,2025-09-06T08:19:22.057Z,8CBFEA879230,0,0,0
2025-09-06T08:19:23.605Z,2025-09-06T08:19:23.057Z,8CBFEA879230,0,0,0
2025-09-06T08:19:24.604Z,2025-09-06T08:19:24.057Z,8CBFEA879230,0,0,0
2025-09-06T08:19:25.605Z,2025-09-06T08:19:25.057Z,8CBFEA879230,0,0,0
2025-09-06T08:19:26.609Z,2025-09-06T08:19:26.057Z,8CBFEA879230,0,0,0
2025-09-06T08:19:27.617Z,2025-09-06T08:19:27.057Z,8CBFEA879230,0,0,0
2025-09-06T08:19:28.605Z,2025-09-06T08:19:28.057Z,8CBFEA879230,0,0,0
2025-09-06T08:19:29.604Z,2025-09-06T08:19:29.057Z,8CBFEA879230,0,0,0
2025-09-06T08:19:30.607Z,2025-09-06T08:19:30.057Z,8CBFEA879230,0,0,0
2025-09-06T08:19:31.608Z,2025-09-06T08:19:31.057Z,8CBFEA879230,0,0,0
2025-09-06T08:19:32.607Z,2025-09-06T08:19:32.057Z,8CBFEA879230,0,0,0
2025-09-06T08:19:33.606Z,2025-09-06T08:19:33.057Z,8CBFEA879230,0,0,0
2025-09-06T08:19:34.604Z,2025-09-06T08:19:34.057Z,8CBFEA879230,0,0,0
2025-09-06T08:19:35.606Z,2025-09-06T08:19:35.057Z,8CBFEA879230,0,0,0
2025-09-06T08:19:36.616Z,2025-09-06T08:19:36.057Z,8CBFEA879230,0,0,0
2025-09-06T08:19:37.609Z,2025-09-06T08:19:37.057Z,8CBFEA879230,0,0,0
2025-09-06T08:19:38.603Z,2025-09-06T08:19:38.057Z,8CBFEA879230,0,0,0
2025-09-06T08:19:39.605Z,2025-09-06T08:19:39.057Z,8CBFEA879230,0,0,0
2025-09-06T08:19:40.610Z,2025-09-06T08:19:40.057Z,8CBFEA879230,0,0,0
2025-09-06T08:19:41.606Z,2025-09-06T08:19:41.057Z,8CBFEA879230,0,0,0
2025-09-06T08:19:42.607Z,2025-09-06T08:19:42.057Z,8CBFEA879230,0,0,0
2025-09-06T08:19:43.603Z,2025-09-06T08:19:43.057Z,8CBFEA879230,0,0,0
2025-09-06T08:19:44.607Z,2025-09-06T08:19:44.057Z,8CBFEA879230,0,0,0
2025-09-06T08:19:45.606Z,2025-09-06T08:19:45.057Z,8CBFEA879230,0,0,0
2025-09-06T08:19:46.604Z,2025-09-06T08:19:46.057Z,8CBFEA879230,0,0,0
2025-09-06T08:19:47.606Z,2025-09-06T08:19:47.057Z,8CBFEA879230,0,0,0
2025-09-06T08:19:48.607Z,2025-09-06T08:19:48.057Z,8CBFEA879230,0,0,0
2025-09-06T08:19:49.605Z,2025-09-06T08:19:49.057Z,8CBFEA879230,0,0,0
2025-09-06T08:19:50.605Z,2025-09-06T08:19:50.057Z,8CBFEA879230,0,0,0
2025-09-06T08:19:51.608Z,2025-09-06T08:19:51.057Z,8CBFEA879230,0,0,0
2025-09-06T08:19:52.606Z,2025-09-06T08:19:52.057Z,8CBFEA879230,0,0,0
2025-09-06T08:19:53.609Z,2025-09-06T08:19:53.057Z,8CBFEA879230,0,0,0
2025-09-06T08:19:54.603Z,2025-09-06T08:19:54.057Z,8CBFEA879230,0,0,0
2025-09-06T08:19:55.607Z,2025-09-06T08:19:55.057Z,8CBFEA879230,0,0,0
2025-09-06T08:19:56.607Z,2025-09-06T08:19:56.057Z,8CBFEA879230,0,0,0
2025-09-06T08:19:57.609Z,2025-09-06T08:19:57.057Z,8CBFEA879230,0,0,0
2025-09-06T08:19:58.604Z,2025-09-06T08:19:58.057Z,8CBFEA879230,0,0,0
2025-09-06T08:19:59.607Z,2025-09-06T08:19:59.057Z,8CBFEA879230,0,0,0
2025-09-06T08:20:00.611Z,2025-09-06T08:20:00.057Z,8CBFEA879230,0,0,0
2025-09-06T08:20:01.604Z,2025-09-06T08:20:01.057Z,8CBFEA879230,0,0,0
2025-09-06T08:20:02.605Z,2025-09-06T08:20:02.057Z,8CBFEA879230,0,0,0
2025-09-06T08:20:03.605Z,2025-09-06T08:20:03.057Z,8CBFEA879230,0,0,0
2025-09-06T08:20:04.610Z,2025-09-06T08:20:04.057Z,8CBFEA879230,0,0,0
2025-09-06T08:20:05.611Z,2025-09-06T08:20:05.057Z,8CBFEA879230,0,0,0
2025-09-06T08:20:06.602Z,2025-09-06T08:20:06.057Z,8CBFEA879230,0,0,0
2025-09-06T08:20:07.602Z,2025-09-06T08:20:07.057Z,8CBFEA879230,0,0,0
2025-09-06T08:20:08.604Z,2025-09-06T08:20:08.057Z,8CBFEA879230,0,0,0
2025-09-06T08:20:09.610Z,2025-09-06T08:20:09.057Z,8CBFEA879230,0,0,0
2025-09-06T08:20:10.609Z,2025-09-06T08:20:10.057Z,8CBFEA879230,0,0,0
2025-09-06T08:20:11.603Z,2025-09-06T08:20:11.057Z,8CBFEA879230,0,0,0
2025-09-06T08:20:12.603Z,2025-09-06T08:20:12.057Z,8CBFEA879230,0,0,0
2025-09-06T08:20:13.606Z,2025-09-06T08:20:13.057Z,8CBFEA879230,0,0,0
2025-09-06T08:20:14.609Z,2025-09-06T08:20:14.057Z,8CBFEA879230,0,0,0
2025-09-06T08:20:15.608Z,2025-09-06T08:20:15.057Z,8CBFEA879230,0,0,0
2025-09-06T08:20:16.607Z,2025-09-06T08:20:16.057Z,8CBFEA879230,0,0,0
2025-09-06T08:20:17.603Z,2025-09-06T08:20:17.057Z,8CBFEA879230,0,0,0
2025-09-06T08:20:18.606Z,2025-09-06T08:20:18.057Z,8CBFEA879230,0,0,0
2025-09-06T08:20:19.603Z,2025-09-06T08:20:19.057Z,8CBFEA879230,0,0,0
2025-09-06T08:20:20.608Z,2025-09-06T08:20:20.057Z,8CBFEA879230,0,0,0
2025-09-06T08:20:21.603Z,2025-09-06T08:20:21.057Z,8CBFEA879230,0,0,0
2025-09-06T08:20:22.603Z,2025-09-06T08:20:22.057Z,8CBFEA879230,0,0,0
2025-09-06T08:20:23.603Z,2025-09-06T08:20:23.057Z,8CBFEA879230,0,0,0
2025-09-06T08:20:24.606Z,2025-09-06T08:20:24.057Z,8CBFEA879230,0,0,0
2025-09-06T08:20:25.604Z,2025-09-06T08:20:25.057Z,8CBFEA879230,0,0,0
2025-09-06T08:20:26.604Z,2025-09-06T08:20:26.057Z,8CBFEA879230,0,0,0
2025-09-06T08:20:27.604Z,2025-09-06T08:20:27.057Z,8CBFEA879230,0,0,0
2025-09-06T08:20:28.601Z,2025-09-06T08:20:28.057Z,8CBFEA879230,0,0,0
2025-09-06T08:20:29.602Z,2025-09-06T08:20:29.057Z,8CBFEA879230,0,0,0
2025-09-06T08:20:30.606Z,2025-09-06T08:20:30.057Z,8CBFEA879230,0,0,0
2025-09-06T08:20:31.606Z,2025-09-06T08:20:31.057Z,8CBFEA879230,0,0,0
2025-09-06T08:20:32.602Z,2025-09-06T08:20:32.057Z,8CBFEA879230,0,0,0
2025-09-06T08:20:33.604Z,2025-09-06T08:20:33.057Z,8CBFEA879230,0,0,0
2025-09-06T08:20:34.603Z,2025-09-06T08:20:34.057Z,8CBFEA879230,0,0,0
2025-09-06T08:20:35.607Z,2025-09-06T08:20:35.057Z,8CBFEA879230,0,0,0
2025-09-06T08:20:36.605Z,2025-09-06T08:20:36.057Z,8CBFEA879230,0,0,0
2025-09-06T08:20:37.606Z,2025-09-06T08:20:37.057Z,8CBFEA879230,0,0,0
2025-09-06T08:20:38.607Z,2025-09-06T08:20:38.057Z,8CBFEA879230,0,0,0
2025-09-06T08:20:39.606Z,2025-09-06T08:20:39.057Z,8CBFEA879230,0,0,0
2025-09-06T08:20:40.605Z,2025-09-06T08:20:40.057Z,8CBFEA879230,0,0,0
2025-09-06T08:20:41.607Z,2025-09-06T08:20:41.057Z,8CBFEA879230,0,0,0
2025-09-06T08:20:42.607Z,2025-09-06T08:20:42.057Z,8CBFEA879230,0,0,0
2025-09-06T08:20:43.603Z,2025-09-06T08:20:43.057Z,8CBFEA879230,0,0,0
2025-09-06T08:20:44.605Z,2025-09-06T08:20:44.057Z,8CBFEA879230,0,0,0
2025-09-06T08:20:45.612Z,2025-09-06T08:20:45.057Z,8CBFEA879230,0,0,0
2025-09-06T08:20:46.612Z,2025-09-06T08:20:46.057Z,8CBFEA879230,0,0,0
2025-09-06T08:20:47.603Z,2025-09-06T08:20:47.057Z,8CBFEA879230,0,0,0
2025-09-06T08:20:48.632Z,2025-09-06T08:20:48.057Z,8CBFEA879230,0,0,0
2025-09-06T08:20:49.605Z,2025-09-06T08:20:49.057Z,8CBFEA879230,0,0,0
2025-09-06T08:20:50.602Z,2025-09-06T08:20:50.057Z,8CBFEA879230,0,0,0
2025-09-06T08:20:51.604Z,2025-09-06T08:20:51.057Z,8CBFEA879230,0,0,0
2025-09-06T08:20:52.608Z,2025-09-06T08:20:52.057Z,8CBFEA879230,0,0,0
2025-09-06T08:20:53.604Z,2025-09-06T08:20:53.057Z,8CBFEA879230,0,0,0
2025-09-06T08:20:54.602Z,2025-09-06T08:20:54.057Z,8CBFEA879230,0,0,0
2025-09-06T08:20:55.608Z,2025-09-06T08:20:55.057Z,8CBFEA879230,0,0,0
2025-09-06T08:20:56.623Z,2025-09-06T08:20:56.057Z,8CBFEA879230,0,0,0
2025-09-06T08:20:57.605Z,2025-09-06T08:20:57.057Z,8CBFEA879230,0,0,0
2025-09-06T08:20:58.604Z,2025-09-06T08:20:58.057Z,8CBFEA879230,0,0,0
2025-09-06T08:20:59.601Z,2025-09-06T08:20:59.057Z,8CBFEA879230,0,0,0
2025-09-06T08:21:00.604Z,2025-09-06T08:21:00.057Z,8CBFEA879230,0,0,0
2025-09-06T08:21:01.608Z,2025-09-06T08:21:01.057Z,8CBFEA879230,0,0,0
2025-09-06T08:21:02.606Z,2025-09-06T08:21:02.057Z,8CBFEA879230,0,0,0
2025-09-06T08:21:03.606Z,2025-09-06T08:21:03.057Z,8CBFEA879230,0,0,0
2025-09-06T08:21:04.606Z,2025-09-06T08:21:04.057Z,8CBFEA879230,0,0,0
2025-09-06T08:21:05.609Z,2025-09-06T08:21:05.057Z,8CBFEA879230,0,0,0
2025-09-06T08:21:06.603Z,2025-09-06T08:21:06.057Z,8CBFEA879230,0,0,0
2025-09-06T08:21:07.602Z,2025-09-06T08:21:07.057Z,8CBFEA879230,0,0,0
2025-09-06T08:21:08.603Z,2025-09-06T08:21:08.057Z,8CBFEA879230,0,0,0
2025-09-06T08:21:09.605Z,2025-09-06T08:21:09.057Z,8CBFEA879230,0,0,0
2025-09-06T08:21:10.604Z,2025-09-06T08:21:10.057Z,8CBFEA879230,0,0,0
2025-09-06T08:21:11.601Z,2025-09-06T08:21:11.057Z,8CBFEA879230,0,0,0
2025-09-06T08:21:12.602Z,2025-09-06T08:21:12.057Z,8CBFEA879230,0,0,0
2025-09-06T08:21:13.600Z,2025-09-06T08:21:13.057Z,8CBFEA879230,0,0,0
2025-09-06T08:21:14.607Z,2025-09-06T08:21:14.057Z,8CBFEA879230,0,0,0
2025-09-06T08:21:15.604Z,2025-09-06T08:21:15.057Z,8CBFEA879230,0,0,0
2025-09-06T08:21:16.601Z,2025-09-06T08:21:16.057Z,8CBFEA879230,0,0,0
2025-09-06T08:21:17.602Z,2025-09-06T08:21:17.057Z,8CBFEA879230,0,0,0
2025-09-06T08:21:18.601Z,2025-09-06T08:21:18.057Z,8CBFEA879230,0,0,0
2025-09-06T08:21:19.600Z,2025-09-06T08:21:19.057Z,8CBFEA879230,0,0,0
2025-09-06T08:21:20.602Z,2025-09-06T08:21:20.057Z,8CBFEA879230,0,0,0
2025-09-06T08:21:21.604Z,2025-09-06T08:21:21.057Z,8CBFEA879230,0,0,0
2025-09-06T08:21:22.601Z,2025-09-06T08:21:22.057Z,8CBFEA879230,0,0,0
2025-09-06T08:21:23.601Z,2025-09-06T08:21:23.057Z,8CBFEA879230,0,0,0
2025-09-06T08:21:24.601Z,2025-09-06T08:21:24.057Z,8CBFEA879230,0,0,0
2025-09-06T08:21:25.600Z,2025-09-06T08:21:25.057Z,8CBFEA879230,0,0,0
2025-09-06T08:21:26.604Z,2025-09-06T08:21:26.057Z,8CBFEA879230,0,0,0
2025-09-06T08:21:27.601Z,2025-09-06T08:21:27.057Z,8CBFEA879230,0,0,0
2025-09-06T08:21:28.600Z,2025-09-06T08:21:28.057Z,8CBFEA879230,0,0,0
2025-09-06T08:21:29.603Z,2025-09-06T08:21:29.057Z,8CBFEA879230,0,0,0
2025-09-06T08:21:30.604Z,2025-09-06T08:21:30.057Z,8CBFEA879230,0,0,0
2025-09-06T08:21:31.605Z,2025-09-06T08:21:31.057Z,8CBFEA879230,0,0,0
2025-09-06T08:21:32.606Z,2025-09-06T08:21:32.057Z,8CBFEA879230,0,0,0
2025-09-06T08:21:33.609Z,2025-09-06T08:21:33.057Z,8CBFEA879230,0,0,0
2025-09-06T08:21:34.600Z,2025-09-06T08:21:34.057Z,8CBFEA879230,0,0,0
2025-09-06T08:21:35.603Z,2025-09-06T08:21:35.057Z,8CBFEA879230,0,0,0
2025-09-06T08:21:36.622Z,2025-09-06T08:21:36.057Z,8CBFEA879230,0,0,0
2025-09-06T08:21:37.614Z,2025-09-06T08:21:37.057Z,8CBFEA879230,0,0,0
2025-09-06T08:21:38.600Z,2025-09-06T08:21:38.057Z,8CBFEA879230,0,0,0
2025-09-06T08:21:39.603Z,2025-09-06T08:21:39.057Z,8CBFEA879230,0,0,0
2025-09-06T08:21:40.599Z,2025-09-06T08:21:40.057Z,8CBFEA879230,0,0,0
2025-09-06T08:21:41.605Z,2025-09-06T08:21:41.057Z,8CBFEA879230,0,0,0
2025-09-06T08:21:43.807Z,2025-09-06T08:21:42.057Z,8CBFEA879230,0,0,0
2025-09-06T08:21:44.212Z,2025-09-06T08:21:43.659Z,8CBFEA879230,0,0,0
2025-09-06T08:21:44.609Z,2025-09-06T08:21:44.062Z,8CBFEA879230,0,0,0
2025-09-06T08:21:45.614Z,2025-09-06T08:21:45.057Z,8CBFEA879230,0,0,0
2025-09-06T08:21:46.618Z,2025-09-06T08:21:46.057Z,8CBFEA879230,0,0,0
2025-09-06T08:21:47.609Z,2025-09-06T08:21:47.057Z,8CBFEA879230,0,0,0
2025-09-06T08:21:48.600Z,2025-09-06T08:21:48.057Z,8CBFEA879230,0,0,0
2025-09-06T08:21:49.600Z,2025-09-06T08:21:49.057Z,8CBFEA879230,0,0,0
2025-09-06T08:21:50.600Z,2025-09-06T08:21:50.057Z,8CBFEA879230,0,0,0
2025-09-06T08:21:51.604Z,2025-09-06T08:21:51.057Z,8CBFEA879230,0,0,0
2025-09-06T08:21:52.603Z,2025-09-06T08:21:52.057Z,8CBFEA879230,0,0,0
2025-09-06T08:21:53.635Z,2025-09-06T08:21:53.057Z,8CBFEA879230,0,0,0
2025-09-06T08:21:54.601Z,2025-09-06T08:21:54.057Z,8CBFEA879230,0,0,0
2025-09-06T08:21:55.602Z,2025-09-06T08:21:55.057Z,8CBFEA879230,0,0,0
2025-09-06T08:21:56.602Z,2025-09-06T08:21:56.057Z,8CBFEA879230,0,0,0
2025-09-06T08:21:57.601Z,2025-09-06T08:21:57.057Z,8CBFEA879230,0,0,0
2025-09-06T08:21:58.600Z,2025-09-06T08:21:58.057Z,8CBFEA879230,0,0,0
2025-09-06T08:21:59.603Z,2025-09-06T08:21:59.057Z,8CBFEA879230,0,0,0
2025-09-06T08:22:00.600Z,2025-09-06T08:22:00.057Z,8CBFEA879230,0,0,0
2025-09-06T08:22:01.606Z,2025-09-06T08:22:01.057Z,8CBFEA879230,0,0,0
2025-09-06T08:22:02.601Z,2025-09-06T08:22:02.057Z,8CBFEA879230,0,0,0
2025-09-06T08:22:03.601Z,2025-09-06T08:22:03.057Z,8CBFEA879230,0,0,0
2025-09-06T08:22:04.604Z,2025-09-06T08:22:04.057Z,8CBFEA879230,0,0,0
2025-09-06T08:22:05.602Z,2025-09-06T08:22:05.057Z,8CBFEA879230,0,0,0
2025-09-06T08:22:06.599Z,2025-09-06T08:22:06.057Z,8CBFEA879230,0,0,0
2025-09-06T08:22:07.606Z,2025-09-06T08:22:07.057Z,8CBFEA879230,0,0,0
2025-09-06T08:22:08.601Z,2025-09-06T08:22:08.057Z,8CBFEA879230,0,0,0
2025-09-06T08:22:09.601Z,2025-09-06T08:22:09.057Z,8CBFEA879230,0,0,0
2025-09-06T08:22:10.599Z,2025-09-06T08:22:10.057Z,8CBFEA879230,0,0,0
2025-09-06T08:22:11.600Z,2025-09-06T08:22:11.057Z,8CBFEA879230,0,0,0
2025-09-06T08:22:12.599Z,2025-09-06T08:22:12.057Z,8CBFEA879230,0,0,0
2025-09-06T08:22:13.601Z,2025-09-06T08:22:13.057Z,8CBFEA879230,0,0,0
2025-09-06T08:22:14.602Z,2025-09-06T08:22:14.057Z,8CBFEA879230,0,0,0
2025-09-06T08:22:15.605Z,2025-09-06T08:22:15.057Z,8CBFEA879230,0,0,0
2025-09-06T08:22:16.602Z,2025-09-06T08:22:16.057Z,8CBFEA879230,0,0,0
2025-09-06T08:22:17.600Z,2025-09-06T08:22:17.057Z,8CBFEA879230,0,0,0
2025-09-06T08:22:18.601Z,2025-09-06T08:22:18.057Z,8CBFEA879230,0,0,0
2025-09-06T08:22:19.599Z,2025-09-06T08:22:19.057Z,8CBFEA879230,0,0,0
2025-09-06T08:22:20.600Z,2025-09-06T08:22:20.057Z,8CBFEA879230,0,0,0
2025-09-06T08:22:21.605Z,2025-09-06T08:22:21.057Z,8CBFEA879230,0,0,0
2025-09-06T08:22:22.601Z,2025-09-06T08:22:22.057Z,8CBFEA879230,0,0,0
2025-09-06T08:22:23.600Z,2025-09-06T08:22:23.057Z,8CBFEA879230,0,0,0
2025-09-06T08:22:24.601Z,2025-09-06T08:22:24.057Z,8CBFEA879230,0,0,0
2025-09-06T08:22:25.599Z,2025-09-06T08:22:25.057Z,8CBFEA879230,0,0,0
2025-09-06T08:22:26.600Z,2025-09-06T08:22:26.057Z,8CBFEA879230,0,0,0
2025-09-06T08:22:27.601Z,2025-09-06T08:22:27.057Z,8CBFEA879230,0,0,0
2025-09-06T08:22:28.599Z,2025-09-06T08:22:28.057Z,8CBFEA879230,0,0,0
2025-09-06T08:22:29.600Z,2025-09-06T08:22:29.057Z,8CBFEA879230,0,0,0
2025-09-06T08:22:30.599Z,2025-09-06T08:22:30.057Z,8CBFEA879230,0,0,0
2025-09-06T08:22:31.599Z,2025-09-06T08:22:31.057Z,8CBFEA879230,0,0,0
2025-09-06T08:22:32.599Z,2025-09-06T08:22:32.057Z,8CBFEA879230,0,0,0
2025-09-06T08:22:33.599Z,2025-09-06T08:22:33.057Z,8CBFEA879230,0,0,0
2025-09-06T08:22:34.605Z,2025-09-06T08:22:34.057Z,8CBFEA879230,0,0,0
2025-09-06T08:22:35.603Z,2025-09-06T08:22:35.057Z,8CBFEA879230,0,0,0
2025-09-06T08:22:36.599Z,2025-09-06T08:22:36.057Z,8CBFEA879230,0,0,0
2025-09-06T08:22:37.600Z,2025-09-06T08:22:37.057Z,8CBFEA879230,0,0,0
2025-09-06T08:22:38.600Z,2025-09-06T08:22:38.057Z,8CBFEA879230,0,0,0
2025-09-06T08:22:39.606Z,2025-09-06T08:22:39.057Z,8CBFEA879230,0,0,0
2025-09-06T08:22:40.600Z,2025-09-06T08:22:40.057Z,8CBFEA879230,0,0,0
2025-09-06T08:22:41.600Z,2025-09-06T08:22:41.057Z,8CBFEA879230,0,0,0
2025-09-06T08:22:42.601Z,2025-09-06T08:22:42.057Z,8CBFEA879230,0,0,0
2025-09-06T08:22:43.597Z,2025-09-06T08:22:43.057Z,8CBFEA879230,0,0,0
2025-09-06T08:22:44.600Z,2025-09-06T08:22:44.057Z,8CBFEA879230,0,0,0
2025-09-06T08:22:45.601Z,2025-09-06T08:22:45.057Z,8CBFEA879230,0,0,0
2025-09-06T08:22:46.597Z,2025-09-06T08:22:46.057Z,8CBFEA879230,0,0,0
2025-09-06T08:22:47.598Z,2025-09-06T08:22:47.057Z,8CBFEA879230,0,0,0
2025-09-06T08:22:48.597Z,2025-09-06T08:22:48.057Z,8CBFEA879230,0,0,0
2025-09-06T08:22:49.600Z,2025-09-06T08:22:49.057Z,8CBFEA879230,0,0,0
2025-09-06T08:22:50.599Z,2025-09-06T08:22:50.057Z,8CBFEA879230,0,0,0
2025-09-06T08:22:51.603Z,2025-09-06T08:22:51.057Z,8CBFEA879230,0,0,0
2025-09-06T08:22:52.598Z,2025-09-06T08:22:52.057Z,8CBFEA879230,0,0,0
2025-09-06T08:22:53.601Z,2025-09-06T08:22:53.057Z,8CBFEA879230,0,0,0
2025-09-06T08:22:54.598Z,2025-09-06T08:22:54.057Z,8CBFEA879230,0,0,0
2025-09-06T08:22:55.602Z,2025-09-06T08:22:55.057Z,8CBFEA879230,0,0,0
2025-09-06T08:22:56.602Z,2025-09-06T08:22:56.057Z,8CBFEA879230,0,0,0
2025-09-06T08:22:57.599Z,2025-09-06T08:22:57.057Z,8CBFEA879230,0,0,0
2025-09-06T08:22:58.603Z,2025-09-06T08:22:58.057Z,8CBFEA879230,0,0,0
2025-09-06T08:22:59.598Z,2025-09-06T08:22:59.057Z,8CBFEA879230,0,0,0
2025-09-06T08:23:00.600Z,2025-09-06T08:23:00.057Z,8CBFEA879230,0,0,0
2025-09-06T08:23:01.598Z,2025-09-06T08:23:01.057Z,8CBFEA879230,0,0,0
2025-09-06T08:23:02.610Z,2025-09-06T08:23:02.057Z,8CBFEA879230,0,0,0
2025-09-06T08:23:03.672Z,2025-09-06T08:23:03.057Z,8CBFEA879230,0,0,0
2025-09-06T08:23:04.606Z,2025-09-06T08:23:04.057Z,8CBFEA879230,0,0,0
2025-09-06T08:23:05.599Z,2025-09-06T08:23:05.057Z,8CBFEA879230,0,0,0
2025-09-06T08:23:06.599Z,2025-09-06T08:23:06.057Z,8CBFEA879230,0,0,0
2025-09-06T08:23:07.599Z,2025-09-06T08:23:07.057Z,8CBFEA879230,0,0,0
2025-09-06T08:23:08.601Z,2025-09-06T08:23:08.057Z,8CBFEA879230,0,0,0
2025-09-06T08:23:09.766Z,2025-09-06T08:23:09.057Z,8CBFEA879230,0,0,0
2025-09-06T08:23:10.625Z,2025-09-06T08:23:10.057Z,8CBFEA879230,0,0,0
2025-09-06T08:23:12.733Z,2025-09-06T08:23:11.057Z,8CBFEA879230,0,0,0
2025-09-06T08:23:13.264Z,2025-09-06T08:23:12.587Z,8CBFEA879230,0,0,0
2025-09-06T08:23:13.664Z,2025-09-06T08:23:13.117Z,8CBFEA879230,0,0,0
2025-09-06T08:23:14.598Z,2025-09-06T08:23:14.057Z,8CBFEA879230,0,0,0
2025-09-06T08:23:15.598Z,2025-09-06T08:23:15.057Z,8CBFEA879230,0,0,0
2025-09-06T08:23:16.597Z,2025-09-06T08:23:16.057Z,8CBFEA879230,0,0,0
2025-09-06T08:23:17.597Z,2025-09-06T08:23:17.057Z,8CBFEA879230,0,0,0
2025-09-06T08:23:18.596Z,2025-09-06T08:23:18.057Z,8CBFEA879230,0,0,0
2025-09-06T08:23:19.601Z,2025-09-06T08:23:19.057Z,8CBFEA879230,0,0,0
2025-09-06T08:23:20.596Z,2025-09-06T08:23:20.057Z,8CBFEA879230,0,0,0
2025-09-06T08:23:21.598Z,2025-09-06T08:23:21.057Z,8CBFEA879230,0,0,0
2025-09-06T08:23:22.601Z,2025-09-06T08:23:22.057Z,8CBFEA879230,0,0,0
2025-09-06T08:23:23.598Z,2025-09-06T08:23:23.057Z,8CBFEA879230,0,0,0
2025-09-06T08:23:24.600Z,2025-09-06T08:23:24.057Z,8CBFEA879230,0,0,0
2025-09-06T08:23:25.599Z,2025-09-06T08:23:25.057Z,8CBFEA879230,0,0,0
2025-09-06T08:23:26.597Z,2025-09-06T08:23:26.057Z,8CBFEA879230,0,0,0
2025-09-06T08:23:27.597Z,2025-09-06T08:23:27.057Z,8CBFEA879230,0,0,0
2025-09-06T08:23:28.605Z,2025-09-06T08:23:28.057Z,8CBFEA879230,0,0,0
2025-09-06T08:23:29.601Z,2025-09-06T08:23:29.057Z,8CBFEA879230,0,0,0
2025-09-06T08:23:30.603Z,2025-09-06T08:23:30.057Z,8CBFEA879230,0,0,0
2025-09-06T08:23:31.599Z,2025-09-06T08:23:31.057Z,8CBFEA879230,0,0,0
2025-09-06T08:23:32.598Z,2025-09-06T08:23:32.057Z,8CBFEA879230,0,0,0
2025-09-06T08:23:33.601Z,2025-09-06T08:23:33.057Z,8CBFEA879230,0,0,0
2025-09-06T08:23:34.602Z,2025-09-06T08:23:34.057Z,8CBFEA879230,0,0,0
2025-09-06T08:23:35.599Z,2025-09-06T08:23:35.057Z,8CBFEA879230,0,0,0
2025-09-06T08:23:36.598Z,2025-09-06T08:23:36.057Z,8CBFEA879230,0,0,0
2025-09-06T08:23:37.599Z,2025-09-06T08:23:37.057Z,8CBFEA879230,0,0,0
2025-09-06T08:23:38.601Z,2025-09-06T08:23:38.057Z,8CBFEA879230,0,0,0
2025-09-06T08:23:39.598Z,2025-09-06T08:23:39.057Z,8CBFEA879230,0,0,0
2025-09-06T08:23:40.596Z,2025-09-06T08:23:40.057Z,8CBFEA879230,0,0,0
2025-09-06T08:23:41.596Z,2025-09-06T08:23:41.057Z,8CBFEA879230,0,0,0
2025-09-06T08:23:42.605Z,2025-09-06T08:23:42.057Z,8CBFEA879230,0,0,0
2025-09-06T08:23:43.597Z,2025-09-06T08:23:43.057Z,8CBFEA879230,0,0,0
2025-09-06T08:23:44.596Z,2025-09-06T08:23:44.057Z,8CBFEA879230,0,0,0
2025-09-06T08:23:45.598Z,2025-09-06T08:23:45.057Z,8CBFEA879230,0,0,0
2025-09-06T08:23:46.598Z,2025-09-06T08:23:46.057Z,8CBFEA879230,0,0,0
2025-09-06T08:23:47.602Z,2025-09-06T08:23:47.057Z,8CBFEA879230,0,0,0
2025-09-06T08:23:48.600Z,2025-09-06T08:23:48.057Z,8CBFEA879230,0,0,0
2025-09-06T08:23:49.596Z,2025-09-06T08:23:49.057Z,8CBFEA879230,0,0,0
2025-09-06T08:23:50.595Z,2025-09-06T08:23:50.057Z,8CBFEA879230,0,0,0
2025-09-06T08:23:51.597Z,2025-09-06T08:23:51.057Z,8CBFEA879230,0,0,0
2025-09-06T08:23:52.611Z,2025-09-06T08:23:52.057Z,8CBFEA879230,0,0,0
2025-09-06T08:23:53.601Z,2025-09-06T08:23:53.057Z,8CBFEA879230,0,0,0
2025-09-06T08:23:54.599Z,2025-09-06T08:23:54.057Z,8CBFEA879230,0,0,0
2025-09-06T08:23:55.604Z,2025-09-06T08:23:55.057Z,8CBFEA879230,0,0,0
2025-09-06T08:23:56.596Z,2025-09-06T08:23:56.057Z,8CBFEA879230,0,0,0
2025-09-06T08:23:57.608Z,2025-09-06T08:23:57.057Z,8CBFEA879230,0,0,0
2025-09-06T08:23:58.597Z,2025-09-06T08:23:58.057Z,8CBFEA879230,0,0,0
2025-09-06T08:23:59.600Z,2025-09-06T08:23:59.057Z,8CBFEA879230,0,0,0
2025-09-06T08:24:00.600Z,2025-09-06T08:24:00.057Z,8CBFEA879230,0,0,0
2025-09-06T08:24:01.599Z,2025-09-06T08:24:01.057Z,8CBFEA879230,0,0,0
2025-09-06T08:24:02.603Z,2025-09-06T08:24:02.057Z,8CBFEA879230,0,0,0
2025-09-06T08:24:03.598Z,2025-09-06T08:24:03.057Z,8CBFEA879230,0,0,0
2025-09-06T08:24:04.599Z,2025-09-06T08:24:04.057Z,8CBFEA879230,0,0,0
2025-09-06T08:24:05.597Z,2025-09-06T08:24:05.057Z,8CBFEA879230,0,0,0
2025-09-06T08:24:06.600Z,2025-09-06T08:24:06.057Z,8CBFEA879230,0,0,0
2025-09-06T08:24:07.598Z,2025-09-06T08:24:07.057Z,8CBFEA879230,0,0,0
2025-09-06T08:24:08.601Z,2025-09-06T08:24:08.057Z,8CBFEA879230,0,0,0
2025-09-06T08:24:09.596Z,2025-09-06T08:24:09.057Z,8CBFEA879230,0,0,0
2025-09-06T08:24:10.598Z,2025-09-06T08:24:10.057Z,8CBFEA879230,0,0,0
2025-09-06T08:24:11.600Z,2025-09-06T08:24:11.057Z,8CBFEA879230,0,0,0
2025-09-06T08:24:12.601Z,2025-09-06T08:24:12.057Z,8CBFEA879230,0,0,0
2025-09-06T08:24:13.596Z,2025-09-06T08:24:13.057Z,8CBFEA879230,0,0,0
2025-09-06T08:24:14.596Z,2025-09-06T08:24:14.057Z,8CBFEA879230,0,0,0
2025-09-06T08:24:15.596Z,2025-09-06T08:24:15.057Z,8CBFEA879230,0,0,0
2025-09-06T08:24:16.599Z,2025-09-06T08:24:16.057Z,8CBFEA879230,0,0,0
2025-09-06T08:24:17.599Z,2025-09-06T08:24:17.057Z,8CBFEA879230,0,0,0
2025-09-06T08:24:18.600Z,2025-09-06T08:24:18.057Z,8CBFEA879230,0,0,0
2025-09-06T08:24:19.597Z,2025-09-06T08:24:19.057Z,8CBFEA879230,0,0,0
2025-09-06T08:24:20.597Z,2025-09-06T08:24:20.057Z,8CBFEA879230,0,0,0
2025-09-06T08:24:21.601Z,2025-09-06T08:24:21.057Z,8CBFEA879230,0,0,0
2025-09-06T08:24:22.603Z,2025-09-06T08:24:22.057Z,8CBFEA879230,0,0,0
2025-09-06T08:24:23.599Z,2025-09-06T08:24:23.057Z,8CBFEA879230,0,0,0
2025-09-06T08:24:24.600Z,2025-09-06T08:24:24.057Z,8CBFEA879230,0,0,0
2025-09-06T08:24:25.596Z,2025-09-06T08:24:25.057Z,8CBFEA879230,0,0,0
2025-09-06T08:24:26.595Z,2025-09-06T08:24:26.057Z,8CBFEA879230,0,0,0
2025-09-06T08:24:27.596Z,2025-09-06T08:24:27.057Z,8CBFEA879230,0,0,0
2025-09-06T08:24:28.596Z,2025-09-06T08:24:28.057Z,8CBFEA879230,0,0,0
2025-09-06T08:24:29.598Z,2025-09-06T08:24:29.057Z,8CBFEA879230,0,0,0
2025-09-06T08:24:30.596Z,2025-09-06T08:24:30.057Z,8CBFEA879230,0,0,0
2025-09-06T08:24:31.595Z,2025-09-06T08:24:31.057Z,8CBFEA879230,0,0,0
2025-09-06T08:24:32.595Z,2025-09-06T08:24:32.057Z,8CBFEA879230,0,0,0
2025-09-06T08:24:33.597Z,2025-09-06T08:24:33.057Z,8CBFEA879230,0,0,0
2025-09-06T08:24:34.596Z,2025-09-06T08:24:34.057Z,8CBFEA879230,0,0,0
2025-09-06T08:24:35.595Z,2025-09-06T08:24:35.057Z,8CBFEA879230,0,0,0
2025-09-06T08:24:36.595Z,2025-09-06T08:24:36.057Z,8CBFEA879230,0,0,0
2025-09-06T08:24:37.595Z,2025-09-06T08:24:37.057Z,8CBFEA879230,0,0,0
2025-09-06T08:24:38.595Z,2025-09-06T08:24:38.057Z,8CBFEA879230,0,0,0
2025-09-06T08:24:39.595Z,2025-09-06T08:24:39.057Z,8CBFEA879230,0,0,0
2025-09-06T08:24:40.595Z,2025-09-06T08:24:40.057Z,8CBFEA879230,0,0,0
2025-09-06T08:24:41.597Z,2025-09-06T08:24:41.057Z,8CBFEA879230,0,0,0
2025-09-06T08:24:42.597Z,2025-09-06T08:24:42.057Z,8CBFEA879230,0,0,0
2025-09-06T08:24:43.597Z,2025-09-06T08:24:43.057Z,8CBFEA879230,0,0,0
2025-09-06T08:24:44.596Z,2025-09-06T08:24:44.057Z,8CBFEA879230,0,0,0
2025-09-06T08:24:45.604Z,2025-09-06T08:24:45.057Z,8CBFEA879230,0,0,0
2025-09-06T08:24:46.598Z,2025-09-06T08:24:46.057Z,8CBFEA879230,0,0,0
2025-09-06T08:24:47.595Z,2025-09-06T08:24:47.057Z,8CBFEA879230,0,0,0
2025-09-06T08:24:48.595Z,2025-09-06T08:24:48.057Z,8CBFEA879230,0,0,0
2025-09-06T08:24:49.600Z,2025-09-06T08:24:49.057Z,8CBFEA879230,0,0,0
2025-09-06T08:24:50.595Z,2025-09-06T08:24:50.057Z,8CBFEA879230,0,0,0
2025-09-06T08:24:51.595Z,2025-09-06T08:24:51.057Z,8CBFEA879230,0,0,0
2025-09-06T08:24:52.597Z,2025-09-06T08:24:52.057Z,8CBFEA879230,0,0,0
2025-09-06T08:24:53.596Z,2025-09-06T08:24:53.057Z,8CBFEA879230,0,0,0
2025-09-06T08:24:54.595Z,2025-09-06T08:24:54.057Z,8CBFEA879230,0,0,0
2025-09-06T08:24:55.598Z,2025-09-06T08:24:55.057Z,8CBFEA879230,0,0,0
2025-09-06T08:24:56.598Z,2025-09-06T08:24:56.057Z,8CBFEA879230,0,0,0
2025-09-06T08:24:57.601Z,2025-09-06T08:24:57.057Z,8CBFEA879230,0,0,0
2025-09-06T08:24:58.597Z,2025-09-06T08:24:58.057Z,8CBFEA879230,0,0,0
2025-09-06T08:24:59.597Z,2025-09-06T08:24:59.057Z,8CBFEA879230,0,0,0
2025-09-06T08:25:00.596Z,2025-09-06T08:25:00.057Z,8CBFEA879230,0,0,0
2025-09-06T08:25:01.597Z,2025-09-06T08:25:01.057Z,8CBFEA879230,0,0,0
2025-09-06T08:25:02.594Z,2025-09-06T08:25:02.057Z,8CBFEA879230,0,0,0
2025-09-06T08:25:03.597Z,2025-09-06T08:25:03.057Z,8CBFEA879230,0,0,0
2025-09-06T08:25:04.595Z,2025-09-06T08:25:04.057Z,8CBFEA879230,0,0,0
2025-09-06T08:25:05.598Z,2025-09-06T08:25:05.057Z,8CBFEA879230,0,0,0
2025-09-06T08:25:06.598Z,2025-09-06T08:25:06.057Z,8CBFEA879230,0,0,0
2025-09-06T08:25:07.596Z,2025-09-06T08:25:07.057Z,8CBFEA879230,0,0,0
2025-09-06T08:25:08.595Z,2025-09-06T08:25:08.057Z,8CBFEA879230,0,0,0
2025-09-06T08:25:09.595Z,2025-09-06T08:25:09.057Z,8CBFEA879230,0,0,0
2025-09-06T08:25:10.600Z,2025-09-06T08:25:10.057Z,8CBFEA879230,0,0,0
2025-09-06T08:25:11.601Z,2025-09-06T08:25:11.057Z,8CBFEA879230,0,0,0
2025-09-06T08:25:12.602Z,2025-09-06T08:25:12.057Z,8CBFEA879230,0,0,0
2025-09-06T08:25:13.594Z,2025-09-06T08:25:13.057Z,8CBFEA879230,0,0,0
2025-09-06T08:25:14.598Z,2025-09-06T08:25:14.057Z,8CBFEA879230,0,0,0
2025-09-06T08:25:15.596Z,2025-09-06T08:25:15.057Z,8CBFEA879230,0,0,0
2025-09-06T08:25:16.598Z,2025-09-06T08:25:16.057Z,8CBFEA879230,0,0,0
2025-09-06T08:25:17.596Z,2025-09-06T08:25:17.057Z,8CBFEA879230,0,0,0
2025-09-06T08:25:18.593Z,2025-09-06T08:25:18.057Z,8CBFEA879230,0,0,0
2025-09-06T08:25:19.594Z,2025-09-06T08:25:19.057Z,8CBFEA879230,0,0,0
2025-09-06T08:25:20.594Z,2025-09-06T08:25:20.057Z,8CBFEA879230,0,0,0
2025-09-06T08:25:21.600Z,2025-09-06T08:25:21.057Z,8CBFEA879230,0,0,0
2025-09-06T08:25:22.602Z,2025-09-06T08:25:22.057Z,8CBFEA879230,0,0,0
2025-09-06T08:25:23.594Z,2025-09-06T08:25:23.057Z,8CBFEA879230,0,0,0
2025-09-06T08:25:24.594Z,2025-09-06T08:25:24.057Z,8CBFEA879230,0,0,0
2025-09-06T08:25:25.595Z,2025-09-06T08:25:25.057Z,8CBFEA879230,0,0,0
2025-09-06T08:25:26.598Z,2025-09-06T08:25:26.057Z,8CBFEA879230,0,0,0
2025-09-06T08:25:27.598Z,2025-09-06T08:25:27.057Z,8CBFEA879230,0,0,0
2025-09-06T08:25:28.593Z,2025-09-06T08:25:28.057Z,8CBFEA879230,0,0,0
2025-09-06T08:25:29.594Z,2025-09-06T08:25:29.057Z,8CBFEA879230,0,0,0
2025-09-06T08:25:30.593Z,2025-09-06T08:25:30.057Z,8CBFEA879230,0,0,0
2025-09-06T08:25:31.596Z,2025-09-06T08:25:31.057Z,8CBFEA879230,0,0,0
2025-09-06T08:25:32.598Z,2025-09-06T08:25:32.057Z,8CBFEA879230,0,0,0
2025-09-06T08:25:33.600Z,2025-09-06T08:25:33.057Z,8CBFEA879230,0,0,0
2025-09-06T08:25:34.597Z,2025-09-06T08:25:34.057Z,8CBFEA879230,0,0,0
2025-09-06T08:25:35.594Z,2025-09-06T08:25:35.057Z,8CBFEA879230,0,0,0
2025-09-06T08:25:36.599Z,2025-09-06T08:25:36.057Z,8CBFEA879230,0,0,0
2025-09-06T08:25:37.594Z,2025-09-06T08:25:37.057Z,8CBFEA879230,0,0,0
2025-09-06T08:25:38.602Z,2025-09-06T08:25:38.057Z,8CBFEA879230,0,0,0
2025-09-06T08:25:39.598Z,2025-09-06T08:25:39.057Z,8CBFEA879230,0,0,0
2025-09-06T08:25:40.594Z,2025-09-06T08:25:40.057Z,8CBFEA879230,0,0,0
2025-09-06T08:25:41.592Z,2025-09-06T08:25:41.057Z,8CBFEA879230,0,0,0
2025-09-06T08:25:42.593Z,2025-09-06T08:25:42.057Z,8CBFEA879230,0,0,0
2025-09-06T08:25:43.596Z,2025-09-06T08:25:43.057Z,8CBFEA879230,0,0,0
2025-09-06T08:25:44.602Z,2025-09-06T08:25:44.057Z,8CBFEA879230,0,0,0
2025-09-06T08:25:45.600Z,2025-09-06T08:25:45.057Z,8CBFEA879230,0,0,0
2025-09-06T08:25:46.594Z,2025-09-06T08:25:46.057Z,8CBFEA879230,0,0,0
2025-09-06T08:25:47.594Z,2025-09-06T08:25:47.057Z,8CBFEA879230,0,0,0
2025-09-06T08:25:48.596Z,2025-09-06T08:25:48.057Z,8CBFEA879230,0,0,0
2025-09-06T08:25:49.596Z,2025-09-06T08:25:49.057Z,8CBFEA879230,0,0,0
2025-09-06T08:25:50.593Z,2025-09-06T08:25:50.057Z,8CBFEA879230,0,0,0
2025-09-06T08:25:51.594Z,2025-09-06T08:25:51.057Z,8CBFEA879230,0,0,0
2025-09-06T08:25:52.596Z,2025-09-06T08:25:52.057Z,8CBFEA879230,0,0,0
2025-09-06T08:25:53.597Z,2025-09-06T08:25:53.057Z,8CBFEA879230,0,0,0
2025-09-06T08:25:54.593Z,2025-09-06T08:25:54.057Z,8CBFEA879230,0,0,0
2025-09-06T08:25:55.595Z,2025-09-06T08:25:55.057Z,8CBFEA879230,0,0,0
2025-09-06T08:25:56.597Z,2025-09-06T08:25:56.057Z,8CBFEA879230,0,0,0
2025-09-06T08:25:57.594Z,2025-09-06T08:25:57.057Z,8CBFEA879230,0,0,0
2025-09-06T08:25:58.598Z,2025-09-06T08:25:58.057Z,8CBFEA879230,0,0,0
2025-09-06T08:25:59.596Z,2025-09-06T08:25:59.057Z,8CBFEA879230,0,0,0
2025-09-06T08:26:00.593Z,2025-09-06T08:26:00.057Z,8CBFEA879230,0,0,0
2025-09-06T08:26:01.595Z,2025-09-06T08:26:01.057Z,8CBFEA879230,0,0,0
2025-09-06T08:26:02.595Z,2025-09-06T08:26:02.057Z,8CBFEA879230,0,0,0
2025-09-06T08:26:03.596Z,2025-09-06T08:26:03.057Z,8CBFEA879230,0,0,0
2025-09-06T08:26:04.596Z,2025-09-06T08:26:04.057Z,8CBFEA879230,0,0,0
2025-09-06T08:26:05.593Z,2025-09-06T08:26:05.057Z,8CBFEA879230,0,0,0
2025-09-06T08:26:06.596Z,2025-09-06T08:26:06.057Z,8CBFEA879230,0,0,0
2025-09-06T08:26:07.594Z,2025-09-06T08:26:07.057Z,8CBFEA879230,0,0,0
2025-09-06T08:26:08.598Z,2025-09-06T08:26:08.057Z,8CBFEA879230,0,0,0
2025-09-06T08:26:09.592Z,2025-09-06T08:26:09.057Z,8CBFEA879230,0,0,0
2025-09-06T08:26:10.595Z,2025-09-06T08:26:10.057Z,8CBFEA879230,0,0,0
2025-09-06T08:26:11.594Z,2025-09-06T08:26:11.057Z,8CBFEA879230,0,0,0
2025-09-06T08:26:12.593Z,2025-09-06T08:26:12.057Z,8CBFEA879230,0,0,0
2025-09-06T08:26:13.596Z,2025-09-06T08:26:13.057Z,8CBFEA879230,0,0,0
2025-09-06T08:26:14.595Z,2025-09-06T08:26:14.057Z,8CBFEA879230,0,0,0
2025-09-06T08:26:15.596Z,2025-09-06T08:26:15.057Z,8CBFEA879230,0,0,0
2025-09-06T08:26:16.592Z,2025-09-06T08:26:16.057Z,8CBFEA879230,0,0,0
2025-09-06T08:26:17.595Z,2025-09-06T08:26:17.057Z,8CBFEA879230,0,0,0
2025-09-06T08:26:18.601Z,2025-09-06T08:26:18.057Z,8CBFEA879230,0,0,0
2025-09-06T08:26:19.597Z,2025-09-06T08:26:19.057Z,8CBFEA879230,0,0,0
2025-09-06T08:26:20.596Z,2025-09-06T08:26:20.057Z,8CBFEA879230,0,0,0
2025-09-06T08:26:21.593Z,2025-09-06T08:26:21.057Z,8CBFEA879230,0,0,0
2025-09-06T08:26:22.596Z,2025-09-06T08:26:22.057Z,8CBFEA879230,0,0,0
2025-09-06T08:26:23.596Z,2025-09-06T08:26:23.057Z,8CBFEA879230,0,0,0
2025-09-06T08:26:24.596Z,2025-09-06T08:26:24.057Z,8CBFEA879230,0,0,0
2025-09-06T08:26:25.596Z,2025-09-06T08:26:25.057Z,8CBFEA879230,0,0,0
2025-09-06T08:26:26.594Z,2025-09-06T08:26:26.057Z,8CBFEA879230,0,0,0
2025-09-06T08:26:27.595Z,2025-09-06T08:26:27.057Z,8CBFEA879230,0,0,0
2025-09-06T08:26:28.594Z,2025-09-06T08:26:28.057Z,8CBFEA879230,0,0,0
2025-09-06T08:26:29.593Z,2025-09-06T08:26:29.057Z,8CBFEA879230,0,0,0
2025-09-06T08:26:30.592Z,2025-09-06T08:26:30.057Z,8CBFEA879230,0,0,0
2025-09-06T08:26:31.594Z,2025-09-06T08:26:31.057Z,8CBFEA879230,0,0,0
2025-09-06T08:26:32.592Z,2025-09-06T08:26:32.057Z,8CBFEA879230,0,0,0
2025-09-06T08:26:33.599Z,2025-09-06T08:26:33.057Z,8CBFEA879230,0,0,0
2025-09-06T08:26:34.594Z,2025-09-06T08:26:34.057Z,8CBFEA879230,0,0,0
2025-09-06T08:26:35.596Z,2025-09-06T08:26:35.057Z,8CBFEA879230,0,0,0
2025-09-06T08:26:36.595Z,2025-09-06T08:26:36.057Z,8CBFEA879230,0,0,0
2025-09-06T08:26:37.594Z,2025-09-06T08:26:37.057Z,8CBFEA879230,0,0,0
2025-09-06T08:26:38.595Z,2025-09-06T08:26:38.057Z,8CBFEA879230,0,0,0
2025-09-06T08:26:39.592Z,2025-09-06T08:26:39.057Z,8CBFEA879230,0,0,0
2025-09-06T08:26:40.592Z,2025-09-06T08:26:40.057Z,8CBFEA879230,0,0,0
2025-09-06T08:26:41.592Z,2025-09-06T08:26:41.057Z,8CBFEA879230,0,0,0
2025-09-06T08:26:42.595Z,2025-09-06T08:26:42.057Z,8CBFEA879230,0,0,0
2025-09-06T08:26:43.592Z,2025-09-06T08:26:43.057Z,8CBFEA879230,0,0,0
2025-09-06T08:26:44.594Z,2025-09-06T08:26:44.057Z,8CBFEA879230,0,0,0
2025-09-06T08:26:45.592Z,2025-09-06T08:26:45.057Z,8CBFEA879230,0,0,0
2025-09-06T08:26:46.597Z,2025-09-06T08:26:46.057Z,8CBFEA879230,0,0,0
2025-09-06T08:26:47.595Z,2025-09-06T08:26:47.057Z,8CBFEA879230,0,0,0
2025-09-06T08:26:48.594Z,2025-09-06T08:26:48.057Z,8CBFEA879230,0,0,0
2025-09-06T08:26:49.592Z,2025-09-06T08:26:49.057Z,8CBFEA879230,0,0,0
2025-09-06T08:26:50.592Z,2025-09-06T08:26:50.057Z,8CBFEA879230,0,0,0
2025-09-06T08:26:51.600Z,2025-09-06T08:26:51.057Z,8CBFEA879230,0,0,0
2025-09-06T08:26:52.595Z,2025-09-06T08:26:52.057Z,8CBFEA879230,0,0,0
2025-09-06T08:26:53.595Z,2025-09-06T08:26:53.057Z,8CBFEA879230,0,0,0
2025-09-06T08:26:54.594Z,2025-09-06T08:26:54.057Z,8CBFEA879230,0,0,0
2025-09-06T08:26:55.595Z,2025-09-06T08:26:55.057Z,8CBFEA879230,0,0,0
2025-09-06T08:26:56.596Z,2025-09-06T08:26:56.057Z,8CBFEA879230,0,0,0
2025-09-06T08:26:57.597Z,2025-09-06T08:26:57.057Z,8CBFEA879230,0,0,0
2025-09-06T08:26:58.593Z,2025-09-06T08:26:58.057Z,8CBFEA879230,0,0,0
2025-09-06T08:26:59.593Z,2025-09-06T08:26:59.057Z,8CBFEA879230,0,0,0
2025-09-06T08:27:00.597Z,2025-09-06T08:27:00.057Z,8CBFEA879230,0,0,0
2025-09-06T08:27:01.594Z,2025-09-06T08:27:01.057Z,8CBFEA879230,0,0,0
2025-09-06T08:27:02.594Z,2025-09-06T08:27:02.057Z,8CBFEA879230,0,0,0
2025-09-06T08:27:03.593Z,2025-09-06T08:27:03.057Z,8CBFEA879230,0,0,0
2025-09-06T08:27:04.592Z,2025-09-06T08:27:04.057Z,8CBFEA879230,0,0,0
2025-09-06T08:27:05.591Z,2025-09-06T08:27:05.057Z,8CBFEA879230,0,0,0
2025-09-06T08:27:06.598Z,2025-09-06T08:27:06.057Z,8CBFEA879230,0,0,0
2025-09-06T08:27:07.594Z,2025-09-06T08:27:07.057Z,8CBFEA879230,0,0,0
2025-09-06T08:27:08.592Z,2025-09-06T08:27:08.057Z,8CBFEA879230,0,0,0
2025-09-06T08:27:09.592Z,2025-09-06T08:27:09.057Z,8CBFEA879230,0,0,0
2025-09-06T08:27:10.591Z,2025-09-06T08:27:10.057Z,8CBFEA879230,0,0,0
2025-09-06T08:27:11.597Z,2025-09-06T08:27:11.057Z,8CBFEA879230,0,0,0
2025-09-06T08:27:12.596Z,2025-09-06T08:27:12.057Z,8CBFEA879230,0,0,0
2025-09-06T08:27:13.590Z,2025-09-06T08:27:13.057Z,8CBFEA879230,0,0,0
2025-09-06T08:27:14.591Z,2025-09-06T08:27:14.057Z,8CBFEA879230,0,0,0
2025-09-06T08:27:15.593Z,2025-09-06T08:27:15.057Z,8CBFEA879230,0,0,0
2025-09-06T08:27:16.597Z,2025-09-06T08:27:16.057Z,8CBFEA879230,0,0,0
2025-09-06T08:27:17.591Z,2025-09-06T08:27:17.057Z,8CBFEA879230,0,0,0
2025-09-06T08:27:18.594Z,2025-09-06T08:27:18.057Z,8CBFEA879230,0,0,0
2025-09-06T08:27:19.593Z,2025-09-06T08:27:19.057Z,8CBFEA879230,0,0,0
2025-09-06T08:27:20.592Z,2025-09-06T08:27:20.057Z,8CBFEA879230,0,0,0
2025-09-06T08:27:21.593Z,2025-09-06T08:27:21.057Z,8CBFEA879230,0,0,0
2025-09-06T08:27:22.591Z,2025-09-06T08:27:22.057Z,8CBFEA879230,0,0,0
2025-09-06T08:27:23.593Z,2025-09-06T08:27:23.057Z,8CBFEA879230,0,0,0
2025-09-06T08:27:24.594Z,2025-09-06T08:27:24.057Z,8CBFEA879230,0,0,0
2025-09-06T08:27:25.593Z,2025-09-06T08:27:25.057Z,8CBFEA879230,0,0,0
2025-09-06T08:27:26.599Z,2025-09-06T08:27:26.057Z,8CBFEA879230,0,0,0
2025-09-06T08:27:27.594Z,2025-09-06T08:27:27.057Z,8CBFEA879230,0,0,0
2025-09-06T08:27:28.591Z,2025-09-06T08:27:28.057Z,8CBFEA879230,0,0,0
2025-09-06T08:27:29.594Z,2025-09-06T08:27:29.057Z,8CBFEA879230,0,0,0
2025-09-06T08:27:30.592Z,2025-09-06T08:27:30.057Z,8CBFEA879230,0,0,0
2025-09-06T08:27:31.595Z,2025-09-06T08:27:31.057Z,8CBFEA879230,0,0,0
2025-09-06T08:27:32.594Z,2025-09-06T08:27:32.057Z,8CBFEA879230,0,0,0
2025-09-06T08:27:33.595Z,2025-09-06T08:27:33.057Z,8CBFEA879230,0,0,0
2025-09-06T08:27:34.592Z,2025-09-06T08:27:34.057Z,8CBFEA879230,0,0,0
2025-09-06T08:27:35.591Z,2025-09-06T08:27:35.057Z,8CBFEA879230,0,0,0
2025-09-06T08:27:36.592Z,2025-09-06T08:27:36.057Z,8CBFEA879230,0,0,0
2025-09-06T08:27:37.594Z,2025-09-06T08:27:37.057Z,8CBFEA879230,0,0,0
2025-09-06T08:27:38.590Z,2025-09-06T08:27:38.057Z,8CBFEA879230,0,0,0
2025-09-06T08:27:39.590Z,2025-09-06T08:27:39.057Z,8CBFEA879230,0,0,0
2025-09-06T08:27:40.591Z,2025-09-06T08:27:40.057Z,8CBFEA879230,0,0,0
2025-09-06T08:27:41.594Z,2025-09-06T08:27:41.057Z,8CBFEA879230,0,0,0
2025-09-06T08:27:42.591Z,2025-09-06T08:27:42.057Z,8CBFEA879230,0,0,0
2025-09-06T08:27:43.590Z,2025-09-06T08:27:43.057Z,8CBFEA879230,0,0,0
2025-09-06T08:27:44.600Z,2025-09-06T08:27:44.057Z,8CBFEA879230,0,0,0
2025-09-06T08:27:45.590Z,2025-09-06T08:27:45.057Z,8CBFEA879230,0,0,0
2025-09-06T08:27:46.596Z,2025-09-06T08:27:46.057Z,8CBFEA879230,0,0,0
2025-09-06T08:27:47.590Z,2025-09-06T08:27:47.057Z,8CBFEA879230,0,0,0
2025-09-06T08:27:48.591Z,2025-09-06T08:27:48.057Z,8CBFEA879230,0,0,0
2025-09-06T08:27:49.592Z,2025-09-06T08:27:49.057Z,8CBFEA879230,0,0,0
2025-09-06T08:27:50.592Z,2025-09-06T08:27:50.057Z,8CBFEA879230,0,0,0
2025-09-06T08:27:51.594Z,2025-09-06T08:27:51.057Z,8CBFEA879230,0,0,0
2025-09-06T08:27:52.591Z,2025-09-06T08:27:52.057Z,8CBFEA879230,0,0,0
2025-09-06T08:27:53.591Z,2025-09-06T08:27:53.057Z,8CBFEA879230,0,0,0
2025-09-06T08:27:54.591Z,2025-09-06T08:27:54.057Z,8CBFEA879230,0,0,0
2025-09-06T08:27:55.596Z,2025-09-06T08:27:55.057Z,8CBFEA879230,0,0,0
2025-09-06T08:27:56.593Z,2025-09-06T08:27:56.057Z,8CBFEA879230,0,0,0
2025-09-06T08:27:57.594Z,2025-09-06T08:27:57.057Z,8CBFEA879230,0,0,0
2025-09-06T08:27:58.596Z,2025-09-06T08:27:58.057Z,8CBFEA879230,0,0,0
2025-09-06T08:27:59.592Z,2025-09-06T08:27:59.057Z,8CBFEA879230,0,0,0
2025-09-06T08:28:00.590Z,2025-09-06T08:28:00.057Z,8CBFEA879230,0,0,0
2025-09-06T08:28:01.596Z,2025-09-06T08:28:01.057Z,8CBFEA879230,0,0,0
2025-09-06T08:28:02.600Z,2025-09-06T08:28:02.057Z,8CBFEA879230,0,0,0
2025-09-06T08:28:03.592Z,2025-09-06T08:28:03.057Z,8CBFEA879230,0,0,0
2025-09-06T08:28:04.590Z,2025-09-06T08:28:04.057Z,8CBFEA879230,0,0,0
2025-09-06T08:28:05.590Z,2025-09-06T08:28:05.057Z,8CBFEA879230,0,0,0
2025-09-06T08:28:06.596Z,2025-09-06T08:28:06.057Z,8CBFEA879230,0,0,0
2025-09-06T08:28:07.591Z,2025-09-06T08:28:07.057Z,8CBFEA879230,0,0,0
2025-09-06T08:28:08.590Z,2025-09-06T08:28:08.057Z,8CBFEA879230,0,0,0
2025-09-06T08:28:09.589Z,2025-09-06T08:28:09.057Z,8CBFEA879230,0,0,0
2025-09-06T08:28:10.589Z,2025-09-06T08:28:10.057Z,8CBFEA879230,0,0,0
2025-09-06T08:28:11.594Z,2025-09-06T08:28:11.057Z,8CBFEA879230,0,0,0
2025-09-06T08:28:12.595Z,2025-09-06T08:28:12.057Z,8CBFEA879230,0,0,0
2025-09-06T08:28:13.592Z,2025-09-06T08:28:13.057Z,8CBFEA879230,0,0,0
2025-09-06T08:28:14.590Z,2025-09-06T08:28:14.057Z,8CBFEA879230,0,0,0
2025-09-06T08:28:15.591Z,2025-09-06T08:28:15.057Z,8CBFEA879230,0,0,0
2025-09-06T08:28:16.601Z,2025-09-06T08:28:16.057Z,8CBFEA879230,0,0,0
2025-09-06T08:28:17.595Z,2025-09-06T08:28:17.057Z,8CBFEA879230,0,0,0
2025-09-06T08:28:18.594Z,2025-09-06T08:28:18.057Z,8CBFEA879230,0,0,0
2025-09-06T08:28:19.592Z,2025-09-06T08:28:19.057Z,8CBFEA879230,0,0,0
2025-09-06T08:28:20.591Z,2025-09-06T08:28:20.057Z,8CBFEA879230,0,0,0
2025-09-06T08:28:21.596Z,2025-09-06T08:28:21.057Z,8CBFEA879230,0,0,0
2025-09-06T08:28:22.590Z,2025-09-06T08:28:22.057Z,8CBFEA879230,0,0,0
2025-09-06T08:28:23.592Z,2025-09-06T08:28:23.057Z,8CBFEA879230,0,0,0
2025-09-06T08:28:24.590Z,2025-09-06T08:28:24.057Z,8CBFEA879230,0,0,0
2025-09-06T08:28:25.591Z,2025-09-06T08:28:25.057Z,8CBFEA879230,0,0,0
2025-09-06T08:28:26.594Z,2025-09-06T08:28:26.057Z,8CBFEA879230,0,0,0
2025-09-06T08:28:27.593Z,2025-09-06T08:28:27.057Z,8CBFEA879230,0,0,0
2025-09-06T08:28:28.594Z,2025-09-06T08:28:28.057Z,8CBFEA879230,0,0,0
2025-09-06T08:28:29.591Z,2025-09-06T08:28:29.057Z,8CBFEA879230,0,0,0
2025-09-06T08:28:30.596Z,2025-09-06T08:28:30.057Z,8CBFEA879230,0,0,0
2025-09-06T08:28:31.593Z,2025-09-06T08:28:31.057Z,8CBFEA879230,0,0,0
2025-09-06T08:28:32.594Z,2025-09-06T08:28:32.057Z,8CBFEA879230,0,0,0
2025-09-06T08:28:33.594Z,2025-09-06T08:28:33.057Z,8CBFEA879230,0,0,0
2025-09-06T08:28:34.590Z,2025-09-06T08:28:34.057Z,8CBFEA879230,0,0,0
2025-09-06T08:28:35.593Z,2025-09-06T08:28:35.057Z,8CBFEA879230,0,0,0
2025-09-06T08:28:36.595Z,2025-09-06T08:28:36.057Z,8CBFEA879230,0,0,0
2025-09-06T08:28:37.596Z,2025-09-06T08:28:37.057Z,8CBFEA879230,0,0,0
2025-09-06T08:28:38.593Z,2025-09-06T08:28:38.057Z,8CBFEA879230,0,0,0
2025-09-06T08:28:39.592Z,2025-09-06T08:28:39.057Z,8CBFEA879230,0,0,0
2025-09-06T08:28:40.592Z,2025-09-06T08:28:40.057Z,8CBFEA879230,0,0,0
2025-09-06T08:28:41.590Z,2025-09-06T08:28:41.057Z,8CBFEA879230,0,0,0
2025-09-06T08:28:42.590Z,2025-09-06T08:28:42.057Z,8CBFEA879230,0,0,0
2025-09-06T08:28:43.589Z,2025-09-06T08:28:43.057Z,8CBFEA879230,0,0,0
2025-09-06T08:28:44.597Z,2025-09-06T08:28:44.057Z,8CBFEA879230,0,0,0
2025-09-06T08:28:45.591Z,2025-09-06T08:28:45.057Z,8CBFEA879230,0,0,0
2025-09-06T08:28:46.591Z,2025-09-06T08:28:46.057Z,8CBFEA879230,0,0,0
2025-09-06T08:28:47.590Z,2025-09-06T08:28:47.057Z,8CBFEA879230,0,0,0
2025-09-06T08:28:48.589Z,2025-09-06T08:28:48.057Z,8CBFEA879230,0,0,0
2025-09-06T08:28:49.592Z,2025-09-06T08:28:49.057Z,8CBFEA879230,0,0,0
2025-09-06T08:28:50.590Z,2025-09-06T08:28:50.057Z,8CBFEA879230,0,0,0
2025-09-06T08:28:51.589Z,2025-09-06T08:28:51.057Z,8CBFEA879230,0,0,0
2025-09-06T08:28:52.592Z,2025-09-06T08:28:52.057Z,8CBFEA879230,0,0,0
2025-09-06T08:28:53.594Z,2025-09-06T08:28:53.057Z,8CBFEA879230,0,0,0
2025-09-06T08:28:54.593Z,2025-09-06T08:28:54.057Z,8CBFEA879230,0,0,0
2025-09-06T08:28:55.592Z,2025-09-06T08:28:55.057Z,8CBFEA879230,0,0,0
2025-09-06T08:28:56.589Z,2025-09-06T08:28:56.057Z,8CBFEA879230,0,0,0
2025-09-06T08:28:57.592Z,2025-09-06T08:28:57.057Z,8CBFEA879230,0,0,0
2025-09-06T08:28:58.595Z,2025-09-06T08:28:58.057Z,8CBFEA879230,0,0,0
2025-09-06T08:28:59.591Z,2025-09-06T08:28:59.057Z,8CBFEA879230,0,0,0
2025-09-06T08:29:00.593Z,2025-09-06T08:29:00.057Z,8CBFEA879230,0,0,0
2025-09-06T08:29:01.591Z,2025-09-06T08:29:01.057Z,8CBFEA879230,0,0,0
2025-09-06T08:29:02.592Z,2025-09-06T08:29:02.057Z,8CBFEA879230,0,0,0
2025-09-06T08:29:03.592Z,2025-09-06T08:29:03.057Z,8CBFEA879230,0,0,0
2025-09-06T08:29:04.590Z,2025-09-06T08:29:04.057Z,8CBFEA879230,0,0,0
2025-09-06T08:29:05.589Z,2025-09-06T08:29:05.057Z,8CBFEA879230,0,0,0
2025-09-06T08:29:06.591Z,2025-09-06T08:29:06.057Z,8CBFEA879230,0,0,0
2025-09-06T08:29:07.595Z,2025-09-06T08:29:07.057Z,8CBFEA879230,0,0,0
2025-09-06T08:29:08.592Z,2025-09-06T08:29:08.057Z,8CBFEA879230,0,0,0
2025-09-06T08:29:09.593Z,2025-09-06T08:29:09.057Z,8CBFEA879230,0,0,0
2025-09-06T08:29:10.590Z,2025-09-06T08:29:10.057Z,8CBFEA879230,0,0,0
2025-09-06T08:29:11.590Z,2025-09-06T08:29:11.057Z,8CBFEA879230,0,0,0
2025-09-06T08:29:12.595Z,2025-09-06T08:29:12.057Z,8CBFEA879230,0,0,0
2025-09-06T08:29:13.592Z,2025-09-06T08:29:13.057Z,8CBFEA879230,0,0,0
2025-09-06T08:29:14.589Z,2025-09-06T08:29:14.057Z,8CBFEA879230,0,0,0
2025-09-06T08:29:15.590Z,2025-09-06T08:29:15.057Z,8CBFEA879230,0,0,0
2025-09-06T08:29:16.589Z,2025-09-06T08:29:16.057Z,8CBFEA879230,0,0,0
2025-09-06T08:29:17.599Z,2025-09-06T08:29:17.057Z,8CBFEA879230,0,0,0
2025-09-06T08:29:18.595Z,2025-09-06T08:29:18.057Z,8CBFEA879230,0,0,0
2025-09-06T08:29:19.591Z,2025-09-06T08:29:19.057Z,8CBFEA879230,0,0,0
2025-09-06T08:29:20.591Z,2025-09-06T08:29:20.057Z,8CBFEA879230,0,0,0
2025-09-06T08:29:21.592Z,2025-09-06T08:29:21.057Z,8CBFEA879230,0,0,0
2025-09-06T08:29:22.594Z,2025-09-06T08:29:22.057Z,8CBFEA879230,0,0,0
2025-09-06T08:29:23.592Z,2025-09-06T08:29:23.057Z,8CBFEA879230,0,0,0
2025-09-06T08:29:24.596Z,2025-09-06T08:29:24.057Z,8CBFEA879230,0,0,0
2025-09-06T08:29:25.589Z,2025-09-06T08:29:25.057Z,8CBFEA879230,0,0,0
2025-09-06T08:29:26.594Z,2025-09-06T08:29:26.057Z,8CBFEA879230,0,0,0
2025-09-06T08:29:27.589Z,2025-09-06T08:29:27.057Z,8CBFEA879230,0,0,0
2025-09-06T08:29:28.600Z,2025-09-06T08:29:28.057Z,8CBFEA879230,0,0,0
2025-09-06T08:29:29.589Z,2025-09-06T08:29:29.057Z,8CBFEA879230,0,0,0
2025-09-06T08:29:30.590Z,2025-09-06T08:29:30.057Z,8CBFEA879230,0,0,0
2025-09-06T08:29:31.592Z,2025-09-06T08:29:31.057Z,8CBFEA879230,0,0,0
2025-09-06T08:29:32.592Z,2025-09-06T08:29:32.057Z,8CBFEA879230,0,0,0
2025-09-06T08:29:33.594Z,2025-09-06T08:29:33.057Z,8CBFEA879230,0,0,0
2025-09-06T08:29:34.594Z,2025-09-06T08:29:34.057Z,8CBFEA879230,0,0,0
2025-09-06T08:29:35.589Z,2025-09-06T08:29:35.057Z,8CBFEA879230,0,0,0
2025-09-06T08:29:36.591Z,2025-09-06T08:29:36.057Z,8CBFEA879230,0,0,0
2025-09-06T08:29:37.589Z,2025-09-06T08:29:37.057Z,8CBFEA879230,0,0,0
2025-09-06T08:29:38.594Z,2025-09-06T08:29:38.057Z,8CBFEA879230,0,0,0
2025-09-06T08:29:39.592Z,2025-09-06T08:29:39.057Z,8CBFEA879230,0,0,0
2025-09-06T08:29:40.589Z,2025-09-06T08:29:40.057Z,8CBFEA879230,0,0,0
2025-09-06T08:29:41.602Z,2025-09-06T08:29:41.057Z,8CBFEA879230,0,0,0
2025-09-06T08:29:42.588Z,2025-09-06T08:29:42.057Z,8CBFEA879230,0,0,0
2025-09-06T08:29:43.592Z,2025-09-06T08:29:43.057Z,8CBFEA879230,0,0,0
2025-09-06T08:29:44.593Z,2025-09-06T08:29:44.057Z,8CBFEA879230,0,0,0
2025-09-06T08:29:45.591Z,2025-09-06T08:29:45.057Z,8CBFEA879230,0,0,0
2025-09-06T08:29:46.590Z,2025-09-06T08:29:46.057Z,8CBFEA879230,0,0,0
2025-09-06T08:29:47.594Z,2025-09-06T08:29:47.057Z,8CBFEA879230,0,0,0
2025-09-06T08:29:48.592Z,2025-09-06T08:29:48.057Z,8CBFEA879230,0,0,0
2025-09-06T08:29:49.590Z,2025-09-06T08:29:49.057Z,8CBFEA879230,0,0,0
2025-09-06T08:29:50.594Z,2025-09-06T08:29:50.057Z,8CBFEA879230,0,0,0
2025-09-06T08:29:51.592Z,2025-09-06T08:29:51.057Z,8CBFEA879230,0,0,0
2025-09-06T08:29:52.591Z,2025-09-06T08:29:52.057Z,8CBFEA879230,0,0,0
2025-09-06T08:29:53.590Z,2025-09-06T08:29:53.057Z,8CBFEA879230,0,0,0
2025-09-06T08:29:54.589Z,2025-09-06T08:29:54.057Z,8CBFEA879230,0,0,0
2025-09-06T08:29:55.591Z,2025-09-06T08:29:55.057Z,8CBFEA879230,0,0,0
2025-09-06T08:29:56.590Z,2025-09-06T08:29:56.057Z,8CBFEA879230,0,0,0
2025-09-06T08:29:57.590Z,2025-09-06T08:29:57.057Z,8CBFEA879230,0,0,0
2025-09-06T08:29:58.591Z,2025-09-06T08:29:58.057Z,8CBFEA879230,0,0,0
2025-09-06T08:29:59.591Z,2025-09-06T08:29:59.057Z,8CBFEA879230,0,0,0
2025-09-06T08:30:00.589Z,2025-09-06T08:30:00.057Z,8CBFEA879230,0,0,0
2025-09-06T08:30:01.589Z,2025-09-06T08:30:01.057Z,8CBFEA879230,0,0,0
2025-09-06T08:30:02.590Z,2025-09-06T08:30:02.057Z,8CBFEA879230,0,0,0
2025-09-06T08:30:03.593Z,2025-09-06T08:30:03.057Z,8CBFEA879230,0,0,0
2025-09-06T08:30:04.588Z,2025-09-06T08:30:04.057Z,8CBFEA879230,0,0,0
2025-09-06T08:30:05.589Z,2025-09-06T08:30:05.057Z,8CBFEA879230,0,0,0
2025-09-06T08:30:06.588Z,2025-09-06T08:30:06.057Z,8CBFEA879230,0,0,0
2025-09-06T08:30:07.591Z,2025-09-06T08:30:07.057Z,8CBFEA879230,0,0,0
2025-09-06T08:30:08.591Z,2025-09-06T08:30:08.057Z,8CBFEA879230,0,0,0
2025-09-06T08:30:09.597Z,2025-09-06T08:30:09.057Z,8CBFEA879230,0,0,0
2025-09-06T08:30:10.587Z,2025-09-06T08:30:10.057Z,8CBFEA879230,0,0,0
2025-09-06T08:30:11.592Z,2025-09-06T08:30:11.057Z,8CBFEA879230,0,0,0
2025-09-06T08:30:12.598Z,2025-09-06T08:30:12.057Z,8CBFEA879230,0,0,0
2025-09-06T08:30:13.590Z,2025-09-06T08:30:13.057Z,8CBFEA879230,0,0,0
2025-09-06T08:30:14.588Z,2025-09-06T08:30:14.057Z,8CBFEA879230,0,0,0
2025-09-06T08:30:15.597Z,2025-09-06T08:30:15.057Z,8CBFEA879230,0,0,0
2025-09-06T08:30:16.588Z,2025-09-06T08:30:16.057Z,8CBFEA879230,0,0,0
2025-09-06T08:30:17.593Z,2025-09-06T08:30:17.057Z,8CBFEA879230,0,0,0
2025-09-06T08:30:18.594Z,2025-09-06T08:30:18.057Z,8CBFEA879230,0,0,0
2025-09-06T08:30:19.590Z,2025-09-06T08:30:19.057Z,8CBFEA879230,0,0,0
2025-09-06T08:30:20.589Z,2025-09-06T08:30:20.057Z,8CBFEA879230,0,0,0
2025-09-06T08:30:21.589Z,2025-09-06T08:30:21.057Z,8CBFEA879230,0,0,0
2025-09-06T08:30:22.595Z,2025-09-06T08:30:22.057Z,8CBFEA879230,0,0,0
2025-09-06T08:30:23.593Z,2025-09-06T08:30:23.057Z,8CBFEA879230,0,0,0
2025-09-06T08:30:24.588Z,2025-09-06T08:30:24.057Z,8CBFEA879230,0,0,0
2025-09-06T08:30:25.587Z,2025-09-06T08:30:25.057Z,8CBFEA879230,0,0,0
2025-09-06T08:30:26.587Z,2025-09-06T08:30:26.057Z,8CBFEA879230,0,0,0
2025-09-06T08:30:27.593Z,2025-09-06T08:30:27.057Z,8CBFEA879230,0,0,0
2025-09-06T08:30:28.594Z,2025-09-06T08:30:28.057Z,8CBFEA879230,0,0,0
2025-09-06T08:30:29.589Z,2025-09-06T08:30:29.057Z,8CBFEA879230,0,0,0
2025-09-06T08:30:30.590Z,2025-09-06T08:30:30.057Z,8CBFEA879230,0,0,0
2025-09-06T08:30:31.588Z,2025-09-06T08:30:31.057Z,8CBFEA879230,0,0,0
2025-09-06T08:30:32.592Z,2025-09-06T08:30:32.057Z,8CBFEA879230,0,0,0
2025-09-06T08:30:33.590Z,2025-09-06T08:30:33.057Z,8CBFEA879230,0,0,0
2025-09-06T08:30:34.587Z,2025-09-06T08:30:34.057Z,8CBFEA879230,0,0,0
2025-09-06T08:30:35.588Z,2025-09-06T08:30:35.057Z,8CBFEA879230,0,0,0
2025-09-06T08:30:36.588Z,2025-09-06T08:30:36.057Z,8CBFEA879230,0,0,0
2025-09-06T08:30:37.608Z,2025-09-06T08:30:37.057Z,8CBFEA879230,0,0,0
2025-09-06T08:30:38.592Z,2025-09-06T08:30:38.057Z,8CBFEA879230,0,0,0
2025-09-06T08:30:39.592Z,2025-09-06T08:30:39.057Z,8CBFEA879230,0,0,0
2025-09-06T08:30:40.590Z,2025-09-06T08:30:40.057Z,8CBFEA879230,0,0,0
2025-09-06T08:30:41.588Z,2025-09-06T08:30:41.057Z,8CBFEA879230,0,0,0
2025-09-06T08:30:42.588Z,2025-09-06T08:30:42.057Z,8CBFEA879230,0,0,0
2025-09-06T08:30:43.586Z,2025-09-06T08:30:43.057Z,8CBFEA879230,0,0,0
2025-09-06T08:30:44.588Z,2025-09-06T08:30:44.057Z,8CBFEA879230,0,0,0
2025-09-06T08:30:45.588Z,2025-09-06T08:30:45.057Z,8CBFEA879230,0,0,0
2025-09-06T08:30:46.588Z,2025-09-06T08:30:46.057Z,8CBFEA879230,0,0,0
2025-09-06T08:30:47.592Z,2025-09-06T08:30:47.057Z,8CBFEA879230,0,0,0
2025-09-06T08:30:48.588Z,2025-09-06T08:30:48.057Z,8CBFEA879230,0,0,0
2025-09-06T08:30:49.588Z,2025-09-06T08:30:49.057Z,8CBFEA879230,0,0,0
2025-09-06T08:30:50.588Z,2025-09-06T08:30:50.057Z,8CBFEA879230,0,0,0
2025-09-06T08:30:51.586Z,2025-09-06T08:30:51.057Z,8CBFEA879230,0,0,0
2025-09-06T08:30:52.587Z,2025-09-06T08:30:52.057Z,8CBFEA879230,0,0,0
2025-09-06T08:30:53.588Z,2025-09-06T08:30:53.057Z,8CBFEA879230,0,0,0
2025-09-06T08:30:54.598Z,2025-09-06T08:30:54.057Z,8CBFEA879230,0,0,0
2025-09-06T08:30:55.591Z,2025-09-06T08:30:55.057Z,8CBFEA879230,0,0,0
2025-09-06T08:30:56.592Z,2025-09-06T08:30:56.057Z,8CBFEA879230,0,0,0
2025-09-06T08:30:57.587Z,2025-09-06T08:30:57.057Z,8CBFEA879230,0,0,0
2025-09-06T08:30:58.586Z,2025-09-06T08:30:58.057Z,8CBFEA879230,0,0,0
2025-09-06T08:30:59.587Z,2025-09-06T08:30:59.057Z,8CBFEA879230,0,0,0
2025-09-06T08:31:00.596Z,2025-09-06T08:31:00.057Z,8CBFEA879230,0,0,0
2025-09-06T08:31:01.589Z,2025-09-06T08:31:01.057Z,8CBFEA879230,0,0,0
2025-09-06T08:31:02.587Z,2025-09-06T08:31:02.057Z,8CBFEA879230,0,0,0
2025-09-06T08:31:03.590Z,2025-09-06T08:31:03.057Z,8CBFEA879230,0,0,0
2025-09-06T08:31:04.589Z,2025-09-06T08:31:04.057Z,8CBFEA879230,0,0,0
2025-09-06T08:31:05.588Z,2025-09-06T08:31:05.057Z,8CBFEA879230,0,0,0
2025-09-06T08:31:06.587Z,2025-09-06T08:31:06.057Z,8CBFEA879230,0,0,0
2025-09-06T08:31:07.603Z,2025-09-06T08:31:07.057Z,8CBFEA879230,0,0,0
2025-09-06T08:31:08.594Z,2025-09-06T08:31:08.057Z,8CBFEA879230,0,0,0
2025-09-06T08:31:09.589Z,2025-09-06T08:31:09.057Z,8CBFEA879230,0,0,0
2025-09-06T08:31:10.596Z,2025-09-06T08:31:10.057Z,8CBFEA879230,0,0,0
2025-09-06T08:31:11.593Z,2025-09-06T08:31:11.057Z,8CBFEA879230,0,0,0
2025-09-06T08:31:12.589Z,2025-09-06T08:31:12.057Z,8CBFEA879230,0,0,0
2025-09-06T08:31:13.588Z,2025-09-06T08:31:13.057Z,8CBFEA879230,0,0,0
2025-09-06T08:31:14.587Z,2025-09-06T08:31:14.057Z,8CBFEA879230,0,0,0
2025-09-06T08:31:15.600Z,2025-09-06T08:31:15.057Z,8CBFEA879230,0,0,0
2025-09-06T08:31:16.587Z,2025-09-06T08:31:16.057Z,8CBFEA879230,0,0,0
2025-09-06T08:31:17.589Z,2025-09-06T08:31:17.057Z,8CBFEA879230,0,0,0
2025-09-06T08:31:18.587Z,2025-09-06T08:31:18.057Z,8CBFEA879230,0,0,0
2025-09-06T08:31:19.593Z,2025-09-06T08:31:19.057Z,8CBFEA879230,0,0,0
2025-09-06T08:31:20.590Z,2025-09-06T08:31:20.057Z,8CBFEA879230,0,0,0
2025-09-06T08:31:21.589Z,2025-09-06T08:31:21.057Z,8CBFEA879230,0,0,0
2025-09-06T08:31:22.587Z,2025-09-06T08:31:22.057Z,8CBFEA879230,0,0,0
2025-09-06T08:31:23.588Z,2025-09-06T08:31:23.057Z,8CBFEA879230,0,0,0
2025-09-06T08:31:24.587Z,2025-09-06T08:31:24.057Z,8CBFEA879230,0,0,0
2025-09-06T08:31:25.587Z,2025-09-06T08:31:25.057Z,8CBFEA879230,0,0,0
2025-09-06T08:31:26.588Z,2025-09-06T08:31:26.057Z,8CBFEA879230,0,0,0
2025-09-06T08:31:27.589Z,2025-09-06T08:31:27.057Z,8CBFEA879230,0,0,0
2025-09-06T08:31:28.588Z,2025-09-06T08:31:28.057Z,8CBFEA879230,0,0,0
2025-09-06T08:31:29.603Z,2025-09-06T08:31:29.057Z,8CBFEA879230,0,0,0
2025-09-06T08:31:30.591Z,2025-09-06T08:31:30.057Z,8CBFEA879230,0,0,0
2025-09-06T08:31:31.589Z,2025-09-06T08:31:31.057Z,8CBFEA879230,0,0,0
2025-09-06T08:31:32.589Z,2025-09-06T08:31:32.057Z,8CBFEA879230,0,0,0
2025-09-06T08:31:33.588Z,2025-09-06T08:31:33.057Z,8CBFEA879230,0,0,0
2025-09-06T08:31:34.587Z,2025-09-06T08:31:34.057Z,8CBFEA879230,0,0,0
2025-09-06T08:31:35.592Z,2025-09-06T08:31:35.057Z,8CBFEA879230,0,0,0
2025-09-06T08:31:36.591Z,2025-09-06T08:31:36.057Z,8CBFEA879230,0,0,0
2025-09-06T08:31:37.587Z,2025-09-06T08:31:37.057Z,8CBFEA879230,0,0,0
2025-09-06T08:31:38.589Z,2025-09-06T08:31:38.057Z,8CBFEA879230,0,0,0
2025-09-06T08:31:39.587Z,2025-09-06T08:31:39.057Z,8CBFEA879230,0,0,0
2025-09-06T08:31:40.589Z,2025-09-06T08:31:40.057Z,8CBFEA879230,0,0,0
2025-09-06T08:31:41.592Z,2025-09-06T08:31:41.057Z,8CBFEA879230,0,0,0
2025-09-06T08:31:42.588Z,2025-09-06T08:31:42.057Z,8CBFEA879230,0,0,0
2025-09-06T08:31:43.588Z,2025-09-06T08:31:43.057Z,8CBFEA879230,0,0,0
2025-09-06T08:31:44.587Z,2025-09-06T08:31:44.057Z,8CBFEA879230,0,0,0
2025-09-06T08:31:45.587Z,2025-09-06T08:31:45.057Z,8CBFEA879230,0,0,0
2025-09-06T08:31:46.624Z,2025-09-06T08:31:46.057Z,8CBFEA879230,0,0,0
2025-09-06T08:31:47.594Z,2025-09-06T08:31:47.057Z,8CBFEA879230,0,0,0
2025-09-06T08:31:48.588Z,2025-09-06T08:31:48.057Z,8CBFEA879230,0,0,0
2025-09-06T08:31:49.588Z,2025-09-06T08:31:49.057Z,8CBFEA879230,0,0,0
2025-09-06T08:31:50.586Z,2025-09-06T08:31:50.057Z,8CBFEA879230,0,0,0
2025-09-06T08:31:51.589Z,2025-09-06T08:31:51.057Z,8CBFEA879230,0,0,0
2025-09-06T08:31:52.590Z,2025-09-06T08:31:52.057Z,8CBFEA879230,0,0,0
2025-09-06T08:31:53.588Z,2025-09-06T08:31:53.057Z,8CBFEA879230,0,0,0
2025-09-06T08:31:54.586Z,2025-09-06T08:31:54.057Z,8CBFEA879230,0,0,0
2025-09-06T08:31:55.593Z,2025-09-06T08:31:55.057Z,8CBFEA879230,0,0,0
2025-09-06T08:31:56.591Z,2025-09-06T08:31:56.057Z,8CBFEA879230,0,0,0
2025-09-06T08:31:57.587Z,2025-09-06T08:31:57.057Z,8CBFEA879230,0,0,0
2025-09-06T08:31:58.590Z,2025-09-06T08:31:58.057Z,8CBFEA879230,0,0,0
2025-09-06T08:31:59.591Z,2025-09-06T08:31:59.057Z,8CBFEA879230,0,0,0
2025-09-06T08:32:00.587Z,2025-09-06T08:32:00.057Z,8CBFEA879230,0,0,0
2025-09-06T08:32:01.589Z,2025-09-06T08:32:01.057Z,8CBFEA879230,0,0,0
2025-09-06T08:32:02.593Z,2025-09-06T08:32:02.057Z,8CBFEA879230,0,0,0
2025-09-06T08:32:03.588Z,2025-09-06T08:32:03.057Z,8CBFEA879230,0,0,0
2025-09-06T08:32:04.590Z,2025-09-06T08:32:04.057Z,8CBFEA879230,0,0,0
2025-09-06T08:32:05.588Z,2025-09-06T08:32:05.057Z,8CBFEA879230,0,0,0
2025-09-06T08:32:06.594Z,2025-09-06T08:32:06.057Z,8CBFEA879230,0,0,0
2025-09-06T08:32:07.589Z,2025-09-06T08:32:07.057Z,8CBFEA879230,0,0,0
2025-09-06T08:32:08.586Z,2025-09-06T08:32:08.057Z,8CBFEA879230,0,0,0
2025-09-06T08:32:09.585Z,2025-09-06T08:32:09.057Z,8CBFEA879230,0,0,0
2025-09-06T08:32:10.586Z,2025-09-06T08:32:10.057Z,8CBFEA879230,0,0,0
2025-09-06T08:32:11.587Z,2025-09-06T08:32:11.057Z,8CBFEA879230,0,0,0
2025-09-06T08:32:12.586Z,2025-09-06T08:32:12.057Z,8CBFEA879230,0,0,0
2025-09-06T08:32:13.590Z,2025-09-06T08:32:13.057Z,8CBFEA879230,0,0,0
2025-09-06T08:32:14.595Z,2025-09-06T08:32:14.057Z,8CBFEA879230,0,0,0
2025-09-06T08:32:15.590Z,2025-09-06T08:32:15.057Z,8CBFEA879230,0,0,0
2025-09-06T08:32:16.586Z,2025-09-06T08:32:16.057Z,8CBFEA879230,0,0,0
2025-09-06T08:32:17.586Z,2025-09-06T08:32:17.057Z,8CBFEA879230,0,0,0
2025-09-06T08:32:18.593Z,2025-09-06T08:32:18.057Z,8CBFEA879230,0,0,0
2025-09-06T08:32:19.590Z,2025-09-06T08:32:19.057Z,8CBFEA879230,0,0,0
2025-09-06T08:32:20.586Z,2025-09-06T08:32:20.057Z,8CBFEA879230,0,0,0
2025-09-06T08:32:21.586Z,2025-09-06T08:32:21.057Z,8CBFEA879230,0,0,0
2025-09-06T08:32:22.587Z,2025-09-06T08:32:22.057Z,8CBFEA879230,0,0,0
2025-09-06T08:32:23.590Z,2025-09-06T08:32:23.057Z,8CBFEA879230,0,0,0
2025-09-06T08:32:24.589Z,2025-09-06T08:32:24.057Z,8CBFEA879230,0,0,0
2025-09-06T08:32:25.588Z,2025-09-06T08:32:25.057Z,8CBFEA879230,0,0,0
2025-09-06T08:32:26.600Z,2025-09-06T08:32:26.057Z,8CBFEA879230,0,0,0
2025-09-06T08:32:27.588Z,2025-09-06T08:32:27.057Z,8CBFEA879230,0,0,0
2025-09-06T08:32:28.590Z,2025-09-06T08:32:28.057Z,8CBFEA879230,0,0,0
2025-09-06T08:32:29.590Z,2025-09-06T08:32:29.057Z,8CBFEA879230,0,0,0
2025-09-06T08:32:30.589Z,2025-09-06T08:32:30.057Z,8CBFEA879230,0,0,0
2025-09-06T08:32:31.588Z,2025-09-06T08:32:31.057Z,8CBFEA879230,0,0,0
2025-09-06T08:32:32.595Z,2025-09-06T08:32:32.057Z,8CBFEA879230,0,0,0
2025-09-06T08:32:33.592Z,2025-09-06T08:32:33.057Z,8CBFEA879230,0,0,0
2025-09-06T08:32:34.584Z,2025-09-06T08:32:34.057Z,8CBFEA879230,0,0,0
2025-09-06T08:32:35.586Z,2025-09-06T08:32:35.057Z,8CBFEA879230,0,0,0
2025-09-06T08:32:36.585Z,2025-09-06T08:32:36.057Z,8CBFEA879230,0,0,0
2025-09-06T08:32:37.588Z,2025-09-06T08:32:37.057Z,8CBFEA879230,0,0,0
2025-09-06T08:32:38.590Z,2025-09-06T08:32:38.057Z,8CBFEA879230,0,0,0
2025-09-06T08:32:39.590Z,2025-09-06T08:32:39.057Z,8CBFEA879230,0,0,0
2025-09-06T08:32:40.588Z,2025-09-06T08:32:40.057Z,8CBFEA879230,0,0,0
2025-09-06T08:32:41.586Z,2025-09-06T08:32:41.057Z,8CBFEA879230,0,0,0
2025-09-06T08:32:42.586Z,2025-09-06T08:32:42.057Z,8CBFEA879230,0,0,0
2025-09-06T08:32:43.585Z,2025-09-06T08:32:43.057Z,8CBFEA879230,0,0,0
2025-09-06T08:32:44.587Z,2025-09-06T08:32:44.057Z,8CBFEA879230,0,0,0
2025-09-06T08:32:45.585Z,2025-09-06T08:32:45.057Z,8CBFEA879230,0,0,0
2025-09-06T08:32:46.587Z,2025-09-06T08:32:46.057Z,8CBFEA879230,0,0,0
2025-09-06T08:32:47.587Z,2025-09-06T08:32:47.057Z,8CBFEA879230,0,0,0
2025-09-06T08:32:48.586Z,2025-09-06T08:32:48.057Z,8CBFEA879230,0,0,0
2025-09-06T08:32:49.586Z,2025-09-06T08:32:49.057Z,8CBFEA879230,0,0,0
2025-09-06T08:32:50.587Z,2025-09-06T08:32:50.057Z,8CBFEA879230,0,0,0
2025-09-06T08:32:51.599Z,2025-09-06T08:32:51.057Z,8CBFEA879230,0,0,0
2025-09-06T08:32:52.585Z,2025-09-06T08:32:52.057Z,8CBFEA879230,0,0,0
2025-09-06T08:32:53.588Z,2025-09-06T08:32:53.057Z,8CBFEA879230,0,0,0
2025-09-06T08:32:54.587Z,2025-09-06T08:32:54.057Z,8CBFEA879230,0,0,0
2025-09-06T08:32:55.591Z,2025-09-06T08:32:55.057Z,8CBFEA879230,0,0,0
2025-09-06T08:32:56.587Z,2025-09-06T08:32:56.057Z,8CBFEA879230,0,0,0
2025-09-06T08:32:57.587Z,2025-09-06T08:32:57.057Z,8CBFEA879230,0,0,0
2025-09-06T08:32:58.585Z,2025-09-06T08:32:58.057Z,8CBFEA879230,0,0,0
2025-09-06T08:32:59.593Z,2025-09-06T08:32:59.057Z,8CBFEA879230,0,0,0
2025-09-06T08:33:00.591Z,2025-09-06T08:33:00.057Z,8CBFEA879230,0,0,0
2025-09-06T08:33:01.586Z,2025-09-06T08:33:01.057Z,8CBFEA879230,0,0,0
2025-09-06T08:33:02.585Z,2025-09-06T08:33:02.057Z,8CBFEA879230,0,0,0
2025-09-06T08:33:03.587Z,2025-09-06T08:33:03.057Z,8CBFEA879230,0,0,0
2025-09-06T08:33:04.592Z,2025-09-06T08:33:04.057Z,8CBFEA879230,0,0,0
2025-09-06T08:33:05.590Z,2025-09-06T08:33:05.057Z,8CBFEA879230,0,0,0
2025-09-06T08:33:06.588Z,2025-09-06T08:33:06.057Z,8CBFEA879230,0,0,0
2025-09-06T08:33:07.585Z,2025-09-06T08:33:07.057Z,8CBFEA879230,0,0,0
2025-09-06T08:33:08.589Z,2025-09-06T08:33:08.057Z,8CBFEA879230,0,0,0
2025-09-06T08:33:09.586Z,2025-09-06T08:33:09.057Z,8CBFEA879230,0,0,0
2025-09-06T08:33:10.586Z,2025-09-06T08:33:10.057Z,8CBFEA879230,0,0,0
2025-09-06T08:33:11.589Z,2025-09-06T08:33:11.057Z,8CBFEA879230,0,0,0
2025-09-06T08:33:12.585Z,2025-09-06T08:33:12.057Z,8CBFEA879230,0,0,0
2025-09-06T08:33:13.590Z,2025-09-06T08:33:13.057Z,8CBFEA879230,0,0,0
2025-09-06T08:33:14.597Z,2025-09-06T08:33:14.057Z,8CBFEA879230,0,0,0
2025-09-06T08:33:15.587Z,2025-09-06T08:33:15.057Z,8CBFEA879230,0,0,0
2025-09-06T08:33:16.588Z,2025-09-06T08:33:16.057Z,8CBFEA879230,0,0,0
2025-09-06T08:33:17.591Z,2025-09-06T08:33:17.057Z,8CBFEA879230,0,0,0
2025-09-06T08:33:18.598Z,2025-09-06T08:33:18.057Z,8CBFEA879230,0,0,0
2025-09-06T08:33:19.585Z,2025-09-06T08:33:19.057Z,8CBFEA879230,0,0,0
2025-09-06T08:33:20.585Z,2025-09-06T08:33:20.057Z,8CBFEA879230,0,0,0
2025-09-06T08:33:21.585Z,2025-09-06T08:33:21.057Z,8CBFEA879230,0,0,0
2025-09-06T08:33:22.585Z,2025-09-06T08:33:22.057Z,8CBFEA879230,0,0,0
2025-09-06T08:33:23.585Z,2025-09-06T08:33:23.057Z,8CBFEA879230,0,0,0
2025-09-06T08:33:24.586Z,2025-09-06T08:33:24.057Z,8CBFEA879230,0,0,0
2025-09-06T08:33:25.589Z,2025-09-06T08:33:25.057Z,8CBFEA879230,0,0,0
2025-09-06T08:33:26.587Z,2025-09-06T08:33:26.057Z,8CBFEA879230,0,0,0
2025-09-06T08:33:27.591Z,2025-09-06T08:33:27.057Z,8CBFEA879230,0,0,0
2025-09-06T08:33:28.589Z,2025-09-06T08:33:28.057Z,8CBFEA879230,0,0,0
2025-09-06T08:33:29.587Z,2025-09-06T08:33:29.057Z,8CBFEA879230,0,0,0
2025-09-06T08:33:30.589Z,2025-09-06T08:33:30.057Z,8CBFEA879230,0,0,0
2025-09-06T08:33:31.592Z,2025-09-06T08:33:31.057Z,8CBFEA879230,0,0,0
2025-09-06T08:33:32.585Z,2025-09-06T08:33:32.057Z,8CBFEA879230,0,0,0
2025-09-06T08:33:33.584Z,2025-09-06T08:33:33.057Z,8CBFEA879230,0,0,0
2025-09-06T08:33:34.587Z,2025-09-06T08:33:34.057Z,8CBFEA879230,0,0,0
2025-09-06T08:33:35.590Z,2025-09-06T08:33:35.057Z,8CBFEA879230,0,0,0
2025-09-06T08:33:36.587Z,2025-09-06T08:33:36.057Z,8CBFEA879230,0,0,0
2025-09-06T08:33:37.586Z,2025-09-06T08:33:37.057Z,8CBFEA879230,0,0,0
2025-09-06T08:33:38.583Z,2025-09-06T08:33:38.057Z,8CBFEA879230,0,0,0
2025-09-06T08:33:39.584Z,2025-09-06T08:33:39.057Z,8CBFEA879230,0,0,0
2025-09-06T08:33:40.591Z,2025-09-06T08:33:40.057Z,8CBFEA879230,0,0,0
2025-09-06T08:33:41.593Z,2025-09-06T08:33:41.057Z,8CBFEA879230,0,0,0
2025-09-06T08:33:42.587Z,2025-09-06T08:33:42.057Z,8CBFEA879230,0,0,0
2025-09-06T08:33:43.686Z,2025-09-06T08:33:43.057Z,8CBFEA879230,0,0,0
2025-09-06T08:33:44.598Z,2025-09-06T08:33:44.057Z,8CBFEA879230,0,0,0
2025-09-06T08:33:45.587Z,2025-09-06T08:33:45.057Z,8CBFEA879230,0,0,0
2025-09-06T08:33:46.596Z,2025-09-06T08:33:46.057Z,8CBFEA879230,0,0,0
2025-09-06T08:33:47.593Z,2025-09-06T08:33:47.057Z,8CBFEA879230,0,0,0
2025-09-06T08:33:48.586Z,2025-09-06T08:33:48.057Z,8CBFEA879230,0,0,0
2025-09-06T08:33:49.597Z,2025-09-06T08:33:49.057Z,8CBFEA879230,0,0,0
2025-09-06T08:33:50.591Z,2025-09-06T08:33:50.057Z,8CBFEA879230,0,0,0
2025-09-06T08:33:51.590Z,2025-09-06T08:33:51.057Z,8CBFEA879230,0,0,0
2025-09-06T08:33:52.588Z,2025-09-06T08:33:52.057Z,8CBFEA879230,0,0,0
2025-09-06T08:33:53.585Z,2025-09-06T08:33:53.057Z,8CBFEA879230,0,0,0
2025-09-06T08:33:54.589Z,2025-09-06T08:33:54.057Z,8CBFEA879230,0,0,0
2025-09-06T08:33:55.592Z,2025-09-06T08:33:55.057Z,8CBFEA879230,0,0,0
2025-09-06T08:33:56.585Z,2025-09-06T08:33:56.057Z,8CBFEA879230,0,0,0
2025-09-06T08:33:57.587Z,2025-09-06T08:33:57.057Z,8CBFEA879230,0,0,0
2025-09-06T08:33:58.587Z,2025-09-06T08:33:58.057Z,8CBFEA879230,0,0,0
2025-09-06T08:33:59.598Z,2025-09-06T08:33:59.057Z,8CBFEA879230,0,0,0
2025-09-06T08:34:00.588Z,2025-09-06T08:34:00.057Z,8CBFEA879230,0,0,0
2025-09-06T08:34:01.586Z,2025-09-06T08:34:01.057Z,8CBFEA879230,0,0,0
2025-09-06T08:34:02.587Z,2025-09-06T08:34:02.057Z,8CBFEA879230,0,0,0
2025-09-06T08:34:03.601Z,2025-09-06T08:34:03.057Z,8CBFEA879230,0,0,0
2025-09-06T08:34:04.591Z,2025-09-06T08:34:04.057Z,8CBFEA879230,0,0,0
2025-09-06T08:34:05.586Z,2025-09-06T08:34:05.057Z,8CBFEA879230,0,0,0
2025-09-06T08:34:06.591Z,2025-09-06T08:34:06.057Z,8CBFEA879230,0,0,0
2025-09-06T08:34:07.585Z,2025-09-06T08:34:07.057Z,8CBFEA879230,0,0,0
2025-09-06T08:34:08.587Z,2025-09-06T08:34:08.057Z,8CBFEA879230,0,0,0
2025-09-06T08:34:09.587Z,2025-09-06T08:34:09.057Z,8CBFEA879230,0,0,0
2025-09-06T08:34:10.592Z,2025-09-06T08:34:10.057Z,8CBFEA879230,0,0,0
2025-09-06T08:34:11.584Z,2025-09-06T08:34:11.057Z,8CBFEA879230,0,0,0
2025-09-06T08:34:12.584Z,2025-09-06T08:34:12.057Z,8CBFEA879230,0,0,0
2025-09-06T08:34:13.587Z,2025-09-06T08:34:13.057Z,8CBFEA879230,0,0,0
2025-09-06T08:34:14.599Z,2025-09-06T08:34:14.057Z,8CBFEA879230,0,0,0
2025-09-06T08:34:15.587Z,2025-09-06T08:34:15.057Z,8CBFEA879230,0,0,0
2025-09-06T08:34:16.586Z,2025-09-06T08:34:16.057Z,8CBFEA879230,0,0,0
2025-09-06T08:34:17.585Z,2025-09-06T08:34:17.057Z,8CBFEA879230,0,0,0
2025-09-06T08:34:18.621Z,2025-09-06T08:34:18.057Z,8CBFEA879230,0,0,0
2025-09-06T08:34:19.584Z,2025-09-06T08:34:19.057Z,8CBFEA879230,0,0,0
2025-09-06T08:34:20.585Z,2025-09-06T08:34:20.057Z,8CBFEA879230,0,0,0
2025-09-06T08:34:21.584Z,2025-09-06T08:34:21.057Z,8CBFEA879230,0,0,0
2025-09-06T08:34:22.584Z,2025-09-06T08:34:22.057Z,8CBFEA879230,0,0,0
2025-09-06T08:34:23.584Z,2025-09-06T08:34:23.057Z,8CBFEA879230,0,0,0
2025-09-06T08:34:24.599Z,2025-09-06T08:34:24.057Z,8CBFEA879230,0,0,0
2025-09-06T08:34:25.590Z,2025-09-06T08:34:25.057Z,8CBFEA879230,0,0,0
2025-09-06T08:34:26.588Z,2025-09-06T08:34:26.057Z,8CBFEA879230,0,0,0
2025-09-06T08:34:27.585Z,2025-09-06T08:34:27.057Z,8CBFEA879230,0,0,0
2025-09-06T08:34:28.586Z,2025-09-06T08:34:28.057Z,8CBFEA879230,0,0,0
2025-09-06T08:34:29.594Z,2025-09-06T08:34:29.057Z,8CBFEA879230,0,0,0
2025-09-06T08:34:30.590Z,2025-09-06T08:34:30.057Z,8CBFEA879230,0,0,0
2025-09-06T08:34:31.585Z,2025-09-06T08:34:31.057Z,8CBFEA879230,0,0,0
2025-09-06T08:34:32.584Z,2025-09-06T08:34:32.057Z,8CBFEA879230,0,0,0
2025-09-06T08:34:33.587Z,2025-09-06T08:34:33.057Z,8CBFEA879230,0,0,0
2025-09-06T08:34:34.589Z,2025-09-06T08:34:34.057Z,8CBFEA879230,0,0,0
2025-09-06T08:34:35.587Z,2025-09-06T08:34:35.057Z,8CBFEA879230,0,0,0
2025-09-06T08:34:36.583Z,2025-09-06T08:34:36.057Z,8CBFEA879230,0,0,0
2025-09-06T08:34:37.591Z,2025-09-06T08:34:37.057Z,8CBFEA879230,0,0,0
2025-09-06T08:34:38.588Z,2025-09-06T08:34:38.057Z,8CBFEA879230,0,0,0
2025-09-06T08:34:39.585Z,2025-09-06T08:34:39.057Z,8CBFEA879230,0,0,0
2025-09-06T08:34:40.585Z,2025-09-06T08:34:40.057Z,8CBFEA879230,0,0,0
2025-09-06T08:34:41.584Z,2025-09-06T08:34:41.057Z,8CBFEA879230,0,0,0
2025-09-06T08:34:42.587Z,2025-09-06T08:34:42.057Z,8CBFEA879230,0,0,0
2025-09-06T08:34:43.583Z,2025-09-06T08:34:43.057Z,8CBFEA879230,0,0,0
2025-09-06T08:34:44.591Z,2025-09-06T08:34:44.057Z,8CBFEA879230,0,0,0
2025-09-06T08:34:45.591Z,2025-09-06T08:34:45.057Z,8CBFEA879230,0,0,0
2025-09-06T08:34:46.591Z,2025-09-06T08:34:46.057Z,8CBFEA879230,0,0,0
2025-09-06T08:34:47.584Z,2025-09-06T08:34:47.057Z,8CBFEA879230,0,0,0
2025-09-06T08:34:48.584Z,2025-09-06T08:34:48.057Z,8CBFEA879230,0,0,0
2025-09-06T08:34:49.584Z,2025-09-06T08:34:49.057Z,8CBFEA879230,0,0,0
2025-09-06T08:34:50.631Z,2025-09-06T08:34:50.057Z,8CBFEA879230,0,0,0
2025-09-06T08:34:51.587Z,2025-09-06T08:34:51.057Z,8CBFEA879230,0,0,0
2025-09-06T08:34:52.584Z,2025-09-06T08:34:52.057Z,8CBFEA879230,0,0,0
2025-09-06T08:34:53.583Z,2025-09-06T08:34:53.057Z,8CBFEA879230,0,0,0
2025-09-06T08:34:54.623Z,2025-09-06T08:34:54.057Z,8CBFEA879230,0,0,0
2025-09-06T08:34:55.587Z,2025-09-06T08:34:55.057Z,8CBFEA879230,0,0,0
2025-09-06T08:34:56.586Z,2025-09-06T08:34:56.057Z,8CBFEA879230,0,0,0
2025-09-06T08:34:57.583Z,2025-09-06T08:34:57.057Z,8CBFEA879230,0,0,0
2025-09-06T08:34:58.583Z,2025-09-06T08:34:58.057Z,8CBFEA879230,0,0,0
2025-09-06T08:34:59.583Z,2025-09-06T08:34:59.057Z,8CBFEA879230,0,0,0
2025-09-06T08:35:00.583Z,2025-09-06T08:35:00.057Z,8CBFEA879230,0,0,0
2025-09-06T08:35:01.588Z,2025-09-06T08:35:01.057Z,8CBFEA879230,0,0,0
2025-09-06T08:35:02.583Z,2025-09-06T08:35:02.057Z,8CBFEA879230,0,0,0
2025-09-06T08:35:03.586Z,2025-09-06T08:35:03.057Z,8CBFEA879230,0,0,0
2025-09-06T08:35:04.584Z,2025-09-06T08:35:04.057Z,8CBFEA879230,0,0,0
2025-09-06T08:35:05.588Z,2025-09-06T08:35:05.057Z,8CBFEA879230,0,0,0
2025-09-06T08:35:06.622Z,2025-09-06T08:35:06.057Z,8CBFEA879230,0,0,0
2025-09-06T08:35:07.583Z,2025-09-06T08:35:07.057Z,8CBFEA879230,0,0,0
2025-09-06T08:35:08.584Z,2025-09-06T08:35:08.057Z,8CBFEA879230,0,0,0
2025-09-06T08:35:09.598Z,2025-09-06T08:35:09.057Z,8CBFEA879230,0,0,0
2025-09-06T08:35:10.614Z,2025-09-06T08:35:10.057Z,8CBFEA879230,0,0,0
2025-09-06T08:35:11.588Z,2025-09-06T08:35:11.057Z,8CBFEA879230,0,0,0
2025-09-06T08:35:12.585Z,2025-09-06T08:35:12.057Z,8CBFEA879230,0,0,0
2025-09-06T08:35:13.583Z,2025-09-06T08:35:13.057Z,8CBFEA879230,0,0,0
2025-09-06T08:35:14.625Z,2025-09-06T08:35:14.057Z,8CBFEA879230,0,0,0
2025-09-06T08:35:15.586Z,2025-09-06T08:35:15.057Z,8CBFEA879230,0,0,0
2025-09-06T08:35:16.589Z,2025-09-06T08:35:16.057Z,8CBFEA879230,0,0,0
2025-09-06T08:35:17.583Z,2025-09-06T08:35:17.057Z,8CBFEA879230,0,0,0
2025-09-06T08:35:18.588Z,2025-09-06T08:35:18.057Z,8CBFEA879230,0,0,0
2025-09-06T08:35:19.582Z,2025-09-06T08:35:19.057Z,8CBFEA879230,0,0,0
2025-09-06T08:35:20.596Z,2025-09-06T08:35:20.057Z,8CBFEA879230,0,0,0
2025-09-06T08:35:21.586Z,2025-09-06T08:35:21.057Z,8CBFEA879230,0,0,0
2025-09-06T08:35:22.587Z,2025-09-06T08:35:22.057Z,8CBFEA879230,0,0,0
2025-09-06T08:35:23.586Z,2025-09-06T08:35:23.057Z,8CBFEA879230,0,0,0
2025-09-06T08:35:24.584Z,2025-09-06T08:35:24.057Z,8CBFEA879230,0,0,0
2025-09-06T08:35:25.583Z,2025-09-06T08:35:25.057Z,8CBFEA879230,0,0,0
2025-09-06T08:35:26.593Z,2025-09-06T08:35:26.057Z,8CBFEA879230,0,0,0
2025-09-06T08:35:27.588Z,2025-09-06T08:35:27.057Z,8CBFEA879230,0,0,0
2025-09-06T08:35:28.585Z,2025-09-06T08:35:28.057Z,8CBFEA879230,0,0,0
2025-09-06T08:35:29.586Z,2025-09-06T08:35:29.057Z,8CBFEA879230,0,0,0
2025-09-06T08:35:30.593Z,2025-09-06T08:35:30.057Z,8CBFEA879230,0,0,0
2025-09-06T08:35:31.586Z,2025-09-06T08:35:31.057Z,8CBFEA879230,0,0,0
2025-09-06T08:35:32.586Z,2025-09-06T08:35:32.057Z,8CBFEA879230,0,0,0
2025-09-06T08:35:33.582Z,2025-09-06T08:35:33.057Z,8CBFEA879230,0,0,0
2025-09-06T08:35:34.587Z,2025-09-06T08:35:34.057Z,8CBFEA879230,0,0,0
2025-09-06T08:35:35.586Z,2025-09-06T08:35:35.057Z,8CBFEA879230,0,0,0
2025-09-06T08:35:36.582Z,2025-09-06T08:35:36.057Z,8CBFEA879230,0,0,0
2025-09-06T08:35:37.588Z,2025-09-06T08:35:37.057Z,8CBFEA879230,0,0,0
2025-09-06T08:35:38.585Z,2025-09-06T08:35:38.057Z,8CBFEA879230,0,0,0
2025-09-06T08:35:39.583Z,2025-09-06T08:35:39.057Z,8CBFEA879230,0,0,0
2025-09-06T08:35:40.582Z,2025-09-06T08:35:40.057Z,8CBFEA879230,0,0,0
2025-09-06T08:35:41.583Z,2025-09-06T08:35:41.057Z,8CBFEA879230,0,0,0
2025-09-06T08:35:42.909Z,2025-09-06T08:35:42.057Z,8CBFEA879230,0,0,0
2025-09-06T08:35:43.596Z,2025-09-06T08:35:43.057Z,8CBFEA879230,0,0,0
2025-09-06T08:35:44.582Z,2025-09-06T08:35:44.057Z,8CBFEA879230,0,0,0
2025-09-06T08:35:45.583Z,2025-09-06T08:35:45.057Z,8CBFEA879230,0,0,0
2025-09-06T08:35:46.583Z,2025-09-06T08:35:46.057Z,8CBFEA879230,0,0,0
2025-09-06T08:35:47.585Z,2025-09-06T08:35:47.057Z,8CBFEA879230,0,0,0
2025-09-06T08:35:48.588Z,2025-09-06T08:35:48.057Z,8CBFEA879230,0,0,0
2025-09-06T08:35:49.583Z,2025-09-06T08:35:49.057Z,8CBFEA879230,0,0,0
2025-09-06T08:35:50.590Z,2025-09-06T08:35:50.057Z,8CBFEA879230,0,0,0
2025-09-06T08:35:51.583Z,2025-09-06T08:35:51.057Z,8CBFEA879230,0,0,0
2025-09-06T08:35:52.589Z,2025-09-06T08:35:52.057Z,8CBFEA879230,0,0,0
2025-09-06T08:35:53.583Z,2025-09-06T08:35:53.057Z,8CBFEA879230,0,0,0
2025-09-06T08:35:55.202Z,2025-09-06T08:35:54.057Z,8CBFEA879230,0,0,0
2025-09-06T08:35:55.599Z,2025-09-06T08:35:55.069Z,8CBFEA879230,0,0,0
2025-09-06T08:35:56.584Z,2025-09-06T08:35:56.057Z,8CBFEA879230,0,0,0
2025-09-06T08:35:57.584Z,2025-09-06T08:35:57.057Z,8CBFEA879230,0,0,0
2025-09-06T08:35:59.790Z,2025-09-06T08:35:58.057Z,8CBFEA879230,0,0,0
2025-09-06T08:36:00.196Z,2025-09-06T08:35:59.659Z,8CBFEA879230,0,0,0
2025-09-06T08:36:00.594Z,2025-09-06T08:36:00.066Z,8CBFEA879230,0,0,0
2025-09-06T08:36:01.583Z,2025-09-06T08:36:01.057Z,8CBFEA879230,0,0,0
2025-09-06T08:36:02.604Z,2025-09-06T08:36:02.057Z,8CBFEA879230,0,0,0
2025-09-06T08:36:03.582Z,2025-09-06T08:36:03.057Z,8CBFEA879230,0,0,0
2025-09-06T08:36:04.583Z,2025-09-06T08:36:04.057Z,8CBFEA879230,0,0,0
2025-09-06T08:36:05.582Z,2025-09-06T08:36:05.057Z,8CBFEA879230,0,0,0
2025-09-06T08:36:07.176Z,2025-09-06T08:36:06.057Z,8CBFEA879230,0,0,0
2025-09-06T08:36:07.590Z,2025-09-06T08:36:07.057Z,8CBFEA879230,0,0,0
2025-09-06T08:36:08.582Z,2025-09-06T08:36:08.057Z,8CBFEA879230,0,0,0
2025-09-06T08:36:09.584Z,2025-09-06T08:36:09.057Z,8CBFEA879230,0,0,0
2025-09-06T08:36:11.580Z,2025-09-06T08:36:10.057Z,8CBFEA879230,0,0,0
2025-09-06T08:36:11.980Z,2025-09-06T08:36:11.447Z,8CBFEA879230,0,0,0
2025-09-06T08:36:12.587Z,2025-09-06T08:36:12.057Z,8CBFEA879230,0,0,0
2025-09-06T08:36:13.583Z,2025-09-06T08:36:13.057Z,8CBFEA879230,0,0,0
2025-09-06T08:36:14.594Z,2025-09-06T08:36:14.057Z,8CBFEA879230,0,0,0
2025-09-06T08:36:15.581Z,2025-09-06T08:36:15.057Z,8CBFEA879230,0,0,0
2025-09-06T08:36:16.585Z,2025-09-06T08:36:16.057Z,8CBFEA879230,0,0,0
2025-09-06T08:36:17.588Z,2025-09-06T08:36:17.057Z,8CBFEA879230,0,0,0
2025-09-06T08:36:19.259Z,2025-09-06T08:36:18.057Z,8CBFEA879230,0,0,0
2025-09-06T08:36:19.658Z,2025-09-06T08:36:19.127Z,8CBFEA879230,0,0,0
2025-09-06T08:36:20.582Z,2025-09-06T08:36:20.057Z,8CBFEA879230,0,0,0
2025-09-06T08:36:21.582Z,2025-09-06T08:36:21.057Z,8CBFEA879230,0,0,0
2025-09-06T08:36:22.585Z,2025-09-06T08:36:22.057Z,8CBFEA879230,0,0,0
2025-09-06T08:36:23.581Z,2025-09-06T08:36:23.057Z,8CBFEA879230,0,0,0
2025-09-06T08:36:24.585Z,2025-09-06T08:36:24.057Z,8CBFEA879230,0,0,0
2025-09-06T08:36:25.585Z,2025-09-06T08:36:25.057Z,8CBFEA879230,0,0,0
2025-09-06T08:36:27.789Z,2025-09-06T08:36:26.057Z,8CBFEA879230,0,0,0
2025-09-06T08:36:28.188Z,2025-09-06T08:36:27.657Z,8CBFEA879230,0,0,0
2025-09-06T08:36:28.586Z,2025-09-06T08:36:28.057Z,8CBFEA879230,0,0,0
2025-09-06T08:36:29.582Z,2025-09-06T08:36:29.057Z,8CBFEA879230,0,0,0
2025-09-06T08:36:30.831Z,2025-09-06T08:36:30.057Z,8CBFEA879230,0,0,0
2025-09-06T08:36:31.582Z,2025-09-06T08:36:31.057Z,8CBFEA879230,0,0,0
2025-09-06T08:36:32.585Z,2025-09-06T08:36:32.057Z,8CBFEA879230,0,0,0
2025-09-06T08:36:33.584Z,2025-09-06T08:36:33.057Z,8CBFEA879230,0,0,0
2025-09-06T08:36:35.746Z,2025-09-06T08:36:34.057Z,8CBFEA879230,0,0,0
2025-09-06T08:36:36.147Z,2025-09-06T08:36:35.615Z,8CBFEA879230,0,0,0
2025-09-06T08:36:36.585Z,2025-09-06T08:36:36.057Z,8CBFEA879230,0,0,0
2025-09-06T08:36:37.587Z,2025-09-06T08:36:37.057Z,8CBFEA879230,0,0,0
2025-09-06T08:36:38.582Z,2025-09-06T08:36:38.057Z,8CBFEA879230,0,0,0
2025-09-06T08:36:39.583Z,2025-09-06T08:36:39.057Z,8CBFEA879230,0,0,0
2025-09-06T08:36:40.588Z,2025-09-06T08:36:40.057Z,8CBFEA879230,0,0,0
2025-09-06T08:36:41.587Z,2025-09-06T08:36:41.057Z,8CBFEA879230,0,0,0
2025-09-06T08:36:42.626Z,2025-09-06T08:36:42.057Z,8CBFEA879230,0,0,0
2025-09-06T08:36:43.584Z,2025-09-06T08:36:43.057Z,8CBFEA879230,0,0,0
2025-09-06T08:36:44.582Z,2025-09-06T08:36:44.057Z,8CBFEA879230,0,0,0
2025-09-06T08:36:45.584Z,2025-09-06T08:36:45.057Z,8CBFEA879230,0,0,0
2025-09-06T08:36:46.633Z,2025-09-06T08:36:46.057Z,8CBFEA879230,0,0,0
2025-09-06T08:36:47.588Z,2025-09-06T08:36:47.057Z,8CBFEA879230,0,0,0
2025-09-06T08:36:48.585Z,2025-09-06T08:36:48.057Z,8CBFEA879230,0,0,0
2025-09-06T08:36:49.583Z,2025-09-06T08:36:49.057Z,8CBFEA879230,0,0,0
2025-09-06T08:36:50.582Z,2025-09-06T08:36:50.057Z,8CBFEA879230,0,0,0
2025-09-06T08:36:51.588Z,2025-09-06T08:36:51.057Z,8CBFEA879230,0,0,0
2025-09-06T08:36:52.582Z,2025-09-06T08:36:52.057Z,8CBFEA879230,0,0,0
2025-09-06T08:36:53.581Z,2025-09-06T08:36:53.057Z,8CBFEA879230,0,0,0
2025-09-06T08:36:54.585Z,2025-09-06T08:36:54.057Z,8CBFEA879230,0,0,0
2025-09-06T08:36:55.585Z,2025-09-06T08:36:55.057Z,8CBFEA879230,0,0,0
2025-09-06T08:36:56.584Z,2025-09-06T08:36:56.057Z,8CBFEA879230,0,0,0
2025-09-06T08:36:57.582Z,2025-09-06T08:36:57.057Z,8CBFEA879230,0,0,0
2025-09-06T08:36:58.588Z,2025-09-06T08:36:58.057Z,8CBFEA879230,0,0,0
2025-09-06T08:36:59.582Z,2025-09-06T08:36:59.057Z,8CBFEA879230,0,0,0
2025-09-06T08:37:00.581Z,2025-09-06T08:37:00.057Z,8CBFEA879230,0,0,0
2025-09-06T08:37:01.582Z,2025-09-06T08:37:01.057Z,8CBFEA879230,0,0,0
2025-09-06T08:37:02.596Z,2025-09-06T08:37:02.057Z,8CBFEA879230,0,0,0
2025-09-06T08:37:03.581Z,2025-09-06T08:37:03.057Z,8CBFEA879230,0,0,0
2025-09-06T08:37:04.582Z,2025-09-06T08:37:04.057Z,8CBFEA879230,0,0,0
2025-09-06T08:37:05.584Z,2025-09-06T08:37:05.057Z,8CBFEA879230,0,0,0
2025-09-06T08:37:06.585Z,2025-09-06T08:37:06.057Z,8CBFEA879230,0,0,0
2025-09-06T08:37:07.582Z,2025-09-06T08:37:07.057Z,8CBFEA879230,0,0,0
2025-09-06T08:37:08.582Z,2025-09-06T08:37:08.057Z,8CBFEA879230,0,0,0
2025-09-06T08:37:09.582Z,2025-09-06T08:37:09.057Z,8CBFEA879230,0,0,0
2025-09-06T08:37:10.585Z,2025-09-06T08:37:10.057Z,8CBFEA879230,0,0,0
2025-09-06T08:37:11.587Z,2025-09-06T08:37:11.057Z,8CBFEA879230,0,0,0
2025-09-06T08:37:12.582Z,2025-09-06T08:37:12.057Z,8CBFEA879230,0,0,0
2025-09-06T08:37:13.581Z,2025-09-06T08:37:13.057Z,8CBFEA879230,0,0,0
2025-09-06T08:37:14.587Z,2025-09-06T08:37:14.057Z,8CBFEA879230,0,0,0
2025-09-06T08:37:15.580Z,2025-09-06T08:37:15.057Z,8CBFEA879230,0,0,0
2025-09-06T08:37:16.583Z,2025-09-06T08:37:16.057Z,8CBFEA879230,0,0,0
2025-09-06T08:37:17.583Z,2025-09-06T08:37:17.057Z,8CBFEA879230,0,0,0
2025-09-06T08:37:18.582Z,2025-09-06T08:37:18.057Z,8CBFEA879230,0,0,0
2025-09-06T08:37:19.581Z,2025-09-06T08:37:19.057Z,8CBFEA879230,0,0,0
2025-09-06T08:37:20.583Z,2025-09-06T08:37:20.057Z,8CBFEA879230,0,0,0
2025-09-06T08:37:21.585Z,2025-09-06T08:37:21.057Z,8CBFEA879230,0,0,0
2025-09-06T08:37:22.583Z,2025-09-06T08:37:22.057Z,8CBFEA879230,0,0,0
2025-09-06T08:37:23.583Z,2025-09-06T08:37:23.057Z,8CBFEA879230,0,0,0
2025-09-06T08:37:24.581Z,2025-09-06T08:37:24.057Z,8CBFEA879230,0,0,0
2025-09-06T08:37:25.583Z,2025-09-06T08:37:25.057Z,8CBFEA879230,0,0,0
2025-09-06T08:37:26.582Z,2025-09-06T08:37:26.057Z,8CBFEA879230,0,0,0
2025-09-06T08:37:27.582Z,2025-09-06T08:37:27.057Z,8CBFEA879230,0,0,0
2025-09-06T08:37:28.586Z,2025-09-06T08:37:28.057Z,8CBFEA879230,0,0,0
2025-09-06T08:37:29.582Z,2025-09-06T08:37:29.057Z,8CBFEA879230,0,0,0
2025-09-06T08:37:30.596Z,2025-09-06T08:37:30.057Z,8CBFEA879230,0,0,0
2025-09-06T08:37:31.583Z,2025-09-06T08:37:31.057Z,8CBFEA879230,0,0,0
2025-09-06T08:37:32.582Z,2025-09-06T08:37:32.057Z,8CBFEA879230,0,0,0
2025-09-06T08:37:33.583Z,2025-09-06T08:37:33.057Z,8CBFEA879230,0,0,0
2025-09-06T08:37:34.585Z,2025-09-06T08:37:34.057Z,8CBFEA879230,0,0,0
2025-09-06T08:37:35.583Z,2025-09-06T08:37:35.057Z,8CBFEA879230,0,0,0
2025-09-06T08:37:36.585Z,2025-09-06T08:37:36.057Z,8CBFEA879230,0,0,0
2025-09-06T08:37:37.582Z,2025-09-06T08:37:37.057Z,8CBFEA879230,0,0,0
2025-09-06T08:37:38.583Z,2025-09-06T08:37:38.057Z,8CBFEA879230,0,0,0
2025-09-06T08:37:39.585Z,2025-09-06T08:37:39.057Z,8CBFEA879230,0,0,0
2025-09-06T08:37:40.582Z,2025-09-06T08:37:40.057Z,8CBFEA879230,0,0,0
2025-09-06T08:37:41.587Z,2025-09-06T08:37:41.057Z,8CBFEA879230,0,0,0
2025-09-06T08:37:42.584Z,2025-09-06T08:37:42.057Z,8CBFEA879230,0,0,0
2025-09-06T08:37:43.580Z,2025-09-06T08:37:43.057Z,8CBFEA879230,0,0,0
2025-09-06T08:37:44.580Z,2025-09-06T08:37:44.057Z,8CBFEA879230,0,0,0
2025-09-06T08:37:45.581Z,2025-09-06T08:37:45.057Z,8CBFEA879230,0,0,0
2025-09-06T08:37:46.584Z,2025-09-06T08:37:46.057Z,8CBFEA879230,0,0,0
2025-09-06T08:37:47.583Z,2025-09-06T08:37:47.057Z,8CBFEA879230,0,0,0
2025-09-06T08:37:48.582Z,2025-09-06T08:37:48.057Z,8CBFEA879230,0,0,0
2025-09-06T08:37:49.582Z,2025-09-06T08:37:49.057Z,8CBFEA879230,0,0,0
2025-09-06T08:37:50.587Z,2025-09-06T08:37:50.057Z,8CBFEA879230,0,0,0
2025-09-06T08:37:51.586Z,2025-09-06T08:37:51.057Z,8CBFEA879230,0,0,0
2025-09-06T08:37:52.581Z,2025-09-06T08:37:52.057Z,8CBFEA879230,0,0,0
2025-09-06T08:37:53.606Z,2025-09-06T08:37:53.057Z,8CBFEA879230,0,0,0
2025-09-06T08:37:54.600Z,2025-09-06T08:37:54.057Z,8CBFEA879230,0,0,0
2025-09-06T08:37:55.584Z,2025-09-06T08:37:55.057Z,8CBFEA879230,0,0,0
2025-09-06T08:37:56.583Z,2025-09-06T08:37:56.057Z,8CBFEA879230,0,0,0
2025-09-06T08:37:57.581Z,2025-09-06T08:37:57.057Z,8CBFEA879230,0,0,0
2025-09-06T08:37:58.582Z,2025-09-06T08:37:58.057Z,8CBFEA879230,0,0,0
2025-09-06T08:37:59.585Z,2025-09-06T08:37:59.057Z,8CBFEA879230,0,0,0
2025-09-06T08:38:00.583Z,2025-09-06T08:38:00.057Z,8CBFEA879230,0,0,0
2025-09-06T08:38:01.587Z,2025-09-06T08:38:01.057Z,8CBFEA879230,0,0,0
2025-09-06T08:38:02.580Z,2025-09-06T08:38:02.057Z,8CBFEA879230,0,0,0
2025-09-06T08:38:03.581Z,2025-09-06T08:38:03.057Z,8CBFEA879230,0,0,0
2025-09-06T08:38:04.587Z,2025-09-06T08:38:04.057Z,8CBFEA879230,0,0,0
2025-09-06T08:38:05.581Z,2025-09-06T08:38:05.057Z,8CBFEA879230,0,0,0
2025-09-06T08:38:06.583Z,2025-09-06T08:38:06.057Z,8CBFEA879230,0,0,0
2025-09-06T08:38:07.581Z,2025-09-06T08:38:07.057Z,8CBFEA879230,0,0,0
2025-09-06T08:38:08.580Z,2025-09-06T08:38:08.057Z,8CBFEA879230,0,0,0
2025-09-06T08:38:09.581Z,2025-09-06T08:38:09.057Z,8CBFEA879230,0,0,0
2025-09-06T08:38:10.629Z,2025-09-06T08:38:10.057Z,8CBFEA879230,0,0,0
2025-09-06T08:38:11.591Z,2025-09-06T08:38:11.057Z,8CBFEA879230,0,0,0
2025-09-06T08:38:12.581Z,2025-09-06T08:38:12.057Z,8CBFEA879230,0,0,0
2025-09-06T08:38:13.596Z,2025-09-06T08:38:13.057Z,8CBFEA879230,0,0,0
2025-09-06T08:38:14.583Z,2025-09-06T08:38:14.057Z,8CBFEA879230,0,0,0
2025-09-06T08:38:15.583Z,2025-09-06T08:38:15.057Z,8CBFEA879230,0,0,0
2025-09-06T08:38:16.582Z,2025-09-06T08:38:16.057Z,8CBFEA879230,0,0,0
2025-09-06T08:38:17.581Z,2025-09-06T08:38:17.057Z,8CBFEA879230,0,0,0
2025-09-06T08:38:18.581Z,2025-09-06T08:38:18.057Z,8CBFEA879230,0,0,0
2025-09-06T08:38:19.583Z,2025-09-06T08:38:19.057Z,8CBFEA879230,0,0,0
2025-09-06T08:38:20.580Z,2025-09-06T08:38:20.057Z,8CBFEA879230,0,0,0
2025-09-06T08:38:21.583Z,2025-09-06T08:38:21.057Z,8CBFEA879230,0,0,0
2025-09-06T08:38:22.581Z,2025-09-06T08:38:22.057Z,8CBFEA879230,0,0,0
2025-09-06T08:38:23.580Z,2025-09-06T08:38:23.057Z,8CBFEA879230,0,0,0
2025-09-06T08:38:24.582Z,2025-09-06T08:38:24.057Z,8CBFEA879230,0,0,0
2025-09-06T08:38:25.586Z,2025-09-06T08:38:25.057Z,8CBFEA879230,0,0,0
2025-09-06T08:38:26.610Z,2025-09-06T08:38:26.057Z,8CBFEA879230,0,0,0
2025-09-06T08:38:27.580Z,2025-09-06T08:38:27.057Z,8CBFEA879230,0,0,0
2025-09-06T08:38:28.585Z,2025-09-06T08:38:28.057Z,8CBFEA879230,0,0,0
2025-09-06T08:38:29.584Z,2025-09-06T08:38:29.057Z,8CBFEA879230,0,0,0
2025-09-06T08:38:30.601Z,2025-09-06T08:38:30.057Z,8CBFEA879230,0,0,0
2025-09-06T08:38:31.582Z,2025-09-06T08:38:31.057Z,8CBFEA879230,0,0,0
2025-09-06T08:38:32.581Z,2025-09-06T08:38:32.057Z,8CBFEA879230,0,0,0
2025-09-06T08:38:33.581Z,2025-09-06T08:38:33.057Z,8CBFEA879230,0,0,0
2025-09-06T08:38:34.589Z,2025-09-06T08:38:34.057Z,8CBFEA879230,0,0,0
2025-09-06T08:38:35.585Z,2025-09-06T08:38:35.057Z,8CBFEA879230,0,0,0
2025-09-06T08:38:36.582Z,2025-09-06T08:38:36.057Z,8CBFEA879230,0,0,0
2025-09-06T08:38:37.591Z,2025-09-06T08:38:37.057Z,8CBFEA879230,0,0,0
2025-09-06T08:38:38.581Z,2025-09-06T08:38:38.057Z,8CBFEA879230,0,0,0
2025-09-06T08:38:39.584Z,2025-09-06T08:38:39.057Z,8CBFEA879230,0,0,0
2025-09-06T08:38:40.583Z,2025-09-06T08:38:40.057Z,8CBFEA879230,0,0,0
2025-09-06T08:38:41.584Z,2025-09-06T08:38:41.057Z,8CBFEA879230,0,0,0
2025-09-06T08:38:42.590Z,2025-09-06T08:38:42.057Z,8CBFEA879230,0,0,0
2025-09-06T08:38:43.581Z,2025-09-06T08:38:43.057Z,8CBFEA879230,0,0,0
2025-09-06T08:38:44.580Z,2025-09-06T08:38:44.057Z,8CBFEA879230,0,0,0
2025-09-06T08:38:45.580Z,2025-09-06T08:38:45.057Z,8CBFEA879230,0,0,0
2025-09-06T08:38:46.586Z,2025-09-06T08:38:46.057Z,8CBFEA879230,0,0,0
2025-09-06T08:38:47.587Z,2025-09-06T08:38:47.057Z,8CBFEA879230,0,0,0
2025-09-06T08:38:48.580Z,2025-09-06T08:38:48.057Z,8CBFEA879230,0,0,0
2025-09-06T08:38:49.583Z,2025-09-06T08:38:49.057Z,8CBFEA879230,0,0,0
2025-09-06T08:38:50.582Z,2025-09-06T08:38:50.057Z,8CBFEA879230,0,0,0
2025-09-06T08:38:51.597Z,2025-09-06T08:38:51.057Z,8CBFEA879230,0,0,0
2025-09-06T08:38:52.584Z,2025-09-06T08:38:52.057Z,8CBFEA879230,0,0,0
2025-09-06T08:38:53.590Z,2025-09-06T08:38:53.057Z,8CBFEA879230,0,0,0
2025-09-06T08:38:54.580Z,2025-09-06T08:38:54.057Z,8CBFEA879230,0,0,0
2025-09-06T08:38:55.585Z,2025-09-06T08:38:55.057Z,8CBFEA879230,0,0,0
2025-09-06T08:38:56.597Z,2025-09-06T08:38:56.057Z,8CBFEA879230,0,0,0
2025-09-06T08:38:57.595Z,2025-09-06T08:38:57.057Z,8CBFEA879230,0,0,0
2025-09-06T08:38:58.585Z,2025-09-06T08:38:58.057Z,8CBFEA879230,11.55210018157959,11.526606559753418,11.460490226745605
2025-09-06T08:38:59.581Z,2025-09-06T08:38:59.057Z,8CBFEA879230,11.556597709655762,11.558310508728027,11.480542182922363
2025-09-06T08:39:00.581Z,2025-09-06T08:39:00.057Z,8CBFEA879230,11.558918952941895,11.556049346923828,11.495034217834473
2025-09-06T08:39:01.580Z,2025-09-06T08:39:01.057Z,8CBFEA879230,11.692779541015625,11.706022262573242,11.652425765991211
2025-09-06T08:39:02.586Z,2025-09-06T08:39:02.057Z,8CBFEA879230,11.74243450164795,11.76052188873291,11.762580871582031
2025-09-06T08:39:03.581Z,2025-09-06T08:39:03.057Z,8CBFEA879230,11.76699447631836,11.769354820251465,11.754488945007324
2025-09-06T08:39:04.583Z,2025-09-06T08:39:04.057Z,8CBFEA879230,11.731122016906738,11.735208511352539,11.67490005493164
2025-09-06T08:39:05.580Z,2025-09-06T08:39:05.057Z,8CBFEA879230,11.696791648864746,11.713119506835938,11.651938438415527
2025-09-06T08:39:06.581Z,2025-09-06T08:39:06.057Z,8CBFEA879230,11.613606452941895,11.630212783813477,11.53725814819336
